case_id,expected_family,top1_family,top3_families,top3_scores,top1_correct,top3_correct,source_extract_id,source_kind,raw_family_aliases,error
adm_acetoacetic_ester_synthesis_10,Acetoacetic Ester Synthesis,Acetoacetic Ester Synthesis,Acetoacetic Ester Synthesis | Tsuji-Trost Reaction / Allylation | Claisen Condensation / Claisen Reaction,23.752 | 4.555 | 4.059,True,True,10,application_example,Acetoacetic Ester Synthesis,
adm_acyloin_condensation_22,Acyloin Condensation,Acyloin Condensation,Acyloin Condensation | Claisen Condensation / Claisen Reaction | Krapcho Dealkoxycarbonylation (Krapcho Reaction),12.435 | 5.011 | 4.885,True,True,22,application_example,Acyloin Condensation,
adm_alder_(ene)_reaction_(hydro-allyl_addition)_804,Alder (Ene) Reaction (Hydro-Allyl Addition),Alder (Ene) Reaction (Hydro-Allyl Addition),Alder (Ene) Reaction (Hydro-Allyl Addition) | Hetero Diels-Alder Cycloaddition (HDA) | Wohl-Ziegler Bromination,3.213 | 1.949 | 1.113,True,True,804,application_example,Alder (Ene) Reaction (Hydro-Allyl Addition) | Alder (ene) Reaction | Alder Ene Reaction,
adm_aldol_reaction_1519,Aldol Reaction,Stetter Reaction,Stetter Reaction | Perkin Reaction | Keck Asymmetric Allylation,3.089 | 3.046 | 2.886,False,False,1519,application_example,Aldol Reaction,
adm_alkene_(olefin)_metathesis_793,Alkene (Olefin) Metathesis,Heck Reaction,Heck Reaction | Horner-Wadsworth-Emmons Olefination | Alkene (Olefin) Metathesis,3.421 | 2.654 | 2.617,False,True,793,application_example,Alkene (Olefin) Metathesis | Alkene (olefin) Metathesis,
adm_alkyne_metathesis_1432,Alkyne Metathesis,Alkyne Metathesis,Alkyne Metathesis | Dötz Benzannulation Reaction | Midland Alpine Borane Reduction,2.518 | 1.648 | 0.99,True,True,1432,application_example,Alkyne Metathesis,
adm_amadori_reaction_/_rearrangement_806,Amadori Reaction / Rearrangement,Arndt-Eistert Homologation / Synthesis,Arndt-Eistert Homologation / Synthesis | Swern Oxidation | Pinner Reaction,1.298 | 1.296 | 1.147,False,False,806,application_example,Amadori Reaction / Rearrangement | Amadori Rearrangement,
adm_arbuzov_reaction_(michaelis-arbuzov_reaction)_57,Arbuzov Reaction (Michaelis-Arbuzov Reaction),Arbuzov Reaction (Michaelis-Arbuzov Reaction),Arbuzov Reaction (Michaelis-Arbuzov Reaction) | Chichibabin Amination Reaction (Chichibabin Reaction) | Alkyne Metathesis,1.705 | 0.215 | 0.17,True,True,57,application_example,Arbuzov Reaction | Arbuzov Reaction (Michaelis-Arbuzov Reaction),
adm_arndt-eistert_homologation_/_synthesis_62,Arndt-Eistert Homologation / Synthesis,Arndt-Eistert Homologation / Synthesis,Arndt-Eistert Homologation / Synthesis | Baker-Venkataraman Rearrangement | Acyloin Condensation,6.781 | 0.784 | 0.077,True,True,62,application_example,Arndt-Eistert Homologation / Synthesis,
adm_aza-claisen_rearrangement_(3-aza-cope_rearrangement)_335,Aza-Claisen Rearrangement (3-Aza-Cope Rearrangement),Aza-Claisen Rearrangement (3-Aza-Cope Rearrangement),Aza-Claisen Rearrangement (3-Aza-Cope Rearrangement) | Stork Enamine Synthesis | Oxy-Cope Rearrangement and Anionic Oxy-Cope Rearrangement,1.164 | 0.5 | 0.36,True,True,335,application_example,Aza-Claisen Rearrangement | Aza-Claisen Rearrangement (3-Aza-Cope Rearrangement),
adm_aza-cope_rearrangement_74,Aza-Cope Rearrangement,Aza-Cope Rearrangement,Aza-Cope Rearrangement | Eschweiler-Clarke Methylation | Meisenheimer Rearrangement,3.402 | 1.777 | 1.429,True,True,74,application_example,Aza-Cope Rearrangement,
adm_aza-wittig_reaction_450,Aza-Wittig Reaction,Aza-Wittig Reaction,Aza-Wittig Reaction | Wittig Reaction | Julia-Lythgoe Olefination,5.814 | 4.545 | 2.615,True,True,450,canonical_overview,Aza-Wittig Reaction,
"adm_aza-[2,3]-wittig_rearrangement_1459","Aza-[2,3]-Wittig Rearrangement","Aza-[2,3]-Wittig Rearrangement","Aza-[2,3]-Wittig Rearrangement | Aza-Cope Rearrangement | Alder (Ene) Reaction (Hydro-Allyl Addition)",1.839 | 1.249 | 1.056,True,True,1459,application_example,"Aza-[2,3]-Wittig Rearrangement",
adm_baeyer-villiger_oxidation_1468,Baeyer-Villiger Oxidation,Baeyer-Villiger Oxidation/Rearrangement,Baeyer-Villiger Oxidation/Rearrangement | Baeyer-Villiger Oxidation | Eschenmoser Methenylation,5.573 | 3.443 | 3.112,False,True,1468,application_example,Baeyer-Villiger Oxidation,
adm_baeyer-villiger_oxidation/rearrangement_812,Baeyer-Villiger Oxidation/Rearrangement,Baeyer-Villiger Oxidation/Rearrangement,Baeyer-Villiger Oxidation/Rearrangement | Lieben Haloform Reaction | Mannich Reaction,3.487 | 3.118 | 3.004,True,True,812,application_example,Baeyer-Villiger Oxidation/Rearrangement | Baeyer-Villiger Oxidation/rearrangement,
adm_baker-venkataraman_rearrangement_344,Baker-Venkataraman Rearrangement,Baker-Venkataraman Rearrangement,Baker-Venkataraman Rearrangement | Criegee Oxidation | Friedel-Crafts Acylation,1.607 | 0.82 | 0.819,True,True,344,application_example,Baker-Venkataraman Rearrangement,
adm_baldwin's_rules_/_guidelines_for_ring-closing_reactions_970,Baldwin's Rules / Guidelines for Ring-Closing Reactions,Acetoacetic Ester Synthesis,Acetoacetic Ester Synthesis | Baldwin's Rules / Guidelines for Ring-Closing Reactions | Corey-Nicolaou Macrolactonization,1.686 | 0.883 | 0.359,False,True,970,application_example,Baldwin's Rules / Guidelines for Ring-Closing Reactions,
adm_balz-schiemann_reaction_(schiemann_reaction)_351,Balz-Schiemann Reaction (Schiemann Reaction),Balz-Schiemann Reaction (Schiemann Reaction),Balz-Schiemann Reaction (Schiemann Reaction),1.052,True,True,351,application_example,Balz-Schiemann Reaction | Balz-Schiemann Reaction (Schiemann Reaction),
adm_bamford-stevens-shapiro_olefination_1531,Bamford-Stevens-Shapiro Olefination,Schwartz Hydrozirconation,Schwartz Hydrozirconation | Paal-Knorr Furan Synthesis | Wacker Oxidation,1.295 | 1.053 | 0.979,False,False,1531,application_example,Bamford-Stevens-Shapiro Olefination,
adm_barbier_coupling_reaction_461,Barbier Coupling Reaction,Sakurai Allylation,Sakurai Allylation | Barbier Coupling Reaction | Acetoacetic Ester Synthesis,3.541 | 1.74 | 1.432,False,True,461,canonical_overview,Barbier Coupling Reaction,
adm_bartoli_indole_synthesis_413,Bartoli Indole Synthesis,Bartoli Indole Synthesis,Bartoli Indole Synthesis | Reimer-Tiemann Reaction | Nenitzescu Indole Synthesis,1.224 | 0.608 | 0.554,True,True,413,application_example,Bartoli Indole Synthesis,
adm_barton_nitrite_ester_reaction_1480,Barton Nitrite Ester Reaction,Barton Nitrite Ester Reaction,Barton Nitrite Ester Reaction | Kulinovich Reaction | Pinacol and Semipinacol Rearrangement,0.388 | 0.293 | 0.251,True,True,1480,application_example,Barton Nitrite Ester Reaction,
adm_barton_radical_decarboxylation_357,Barton Radical Decarboxylation,Diels-Alder Cycloaddition,Diels-Alder Cycloaddition | Danheiser Benzannulation | Paal-Knorr Furan Synthesis,0.354 | 0.31 | 0.287,False,False,357,application_example,Barton Radical Decarboxylation,
adm_barton_radical_decarboxylation_reaction_1450,Barton Radical Decarboxylation Reaction,Barton Radical Decarboxylation,Barton Radical Decarboxylation | Barton Radical Decarboxylation Reaction | Simmons-Smith Reaction,3.109 | 2.366 | 1.26,False,True,1450,application_example,Barton Radical Decarboxylation Reaction,
adm_barton-mccombie_radical_deoxygenation_reaction_796,Barton-McCombie Radical Deoxygenation Reaction,Paternò-Büchi Reaction,Paternò-Büchi Reaction | Baker-Venkataraman Rearrangement | Barton-McCombie Radical Deoxygenation Reaction,0.831 | 0.413 | 0.049,False,True,796,application_example,Barton-McCombie Radical Deoxygenation Reaction | Barton-Mccombie Radical Deoxygenation Reaction,
adm_baylis-hillman_reaction_1411,Baylis-Hillman Reaction,Baylis-Hillman Reaction,Baylis-Hillman Reaction | Heck Reaction | Stetter Reaction,3.167 | 2.939 | 2.833,True,True,1411,application_example,Baylis-Hillman Reaction,
adm_beckmann_rearrangement_1435,Beckmann Rearrangement,Eschenmoser Methenylation,Eschenmoser Methenylation | Enders SAMP/RAMP Hydrazone Alkylation | Ciamician-Dennstedt Rearrangement,1.469 | 1.401 | 1.143,False,False,1435,application_example,Beckmann Rearrangement,
adm_benzilic_acid_rearrangement_401,Benzilic Acid Rearrangement,Benzilic Acid Rearrangement,Benzilic Acid Rearrangement | Claisen Condensation / Claisen Reaction | Baylis-Hillman Reaction,2.422 | 1.01 | 0.965,True,True,401,application_example,Benzilic Acid Rearrangement,
adm_benzoin_and_retro-benzoin_condensation_157,Benzoin and Retro-Benzoin Condensation,Benzoin and Retro-Benzoin Condensation,Benzoin and Retro-Benzoin Condensation | Aza-Wittig Reaction | Claisen Condensation / Claisen Reaction,9.249 | 5.791 | 4.995,True,True,157,application_example,Benzoin and Retro-Benzoin Condensation,
adm_bergman_cycloaromatization_reaction_1438,Bergman Cycloaromatization Reaction,Bergman Cycloaromatization Reaction,Bergman Cycloaromatization Reaction | Tsuji-Wilkinson Decarbonylation Reaction | Balz-Schiemann Reaction (Schiemann Reaction),1.835 | 0.892 | 0.577,True,True,1438,application_example,Bergman Cycloaromatization Reaction,
adm_biginelli_reaction_1441,Biginelli Reaction,Horner-Wadsworth-Emmons Olefination,Horner-Wadsworth-Emmons Olefination | Acetoacetic Ester Synthesis | Perkin Reaction,3.729 | 2.198 | 2.066,False,False,1441,application_example,Biginelli Reaction,
adm_birch_reduction_1414,Birch Reduction,Birch Reduction,Birch Reduction | Friedel-Crafts Alkylation | Friedel-Crafts Acylation,1.736 | 1.36 | 1.31,True,True,1414,application_example,Birch Reduction,
adm_bischler-napieralski_isoquinoline_synthesis_194,Bischler-Napieralski Isoquinoline Synthesis,Bischler-Napieralski Isoquinoline Synthesis,Bischler-Napieralski Isoquinoline Synthesis | Wharton Fragmentation | Eschenmoser-Tanabe Fragmentation,3.049 | 0.493 | 0.433,True,True,194,application_example,Bischler-Napieralski Isoquinoline Synthesis,
adm_brook_rearrangement_416,Brook Rearrangement,Brook Rearrangement,Brook Rearrangement | Rubottom Oxidation | Saegusa Oxidation,2.104 | 0.535 | 0.522,True,True,416,application_example,Brook Rearrangement,
adm_brown_hydroboration_reaction_1444,Brown Hydroboration Reaction,Brown Hydroboration Reaction,Brown Hydroboration Reaction | Wacker Oxidation | Tsuji-Wilkinson Decarbonylation Reaction,2.157 | 1.303 | 1.239,True,True,1444,application_example,Brown Hydroboration Reaction,
adm_buchner_method_of_ring_expansion_(buchner_reaction)_816,Buchner Method of Ring Expansion (Buchner Reaction),Buchner Method of Ring Expansion (Buchner Reaction),Buchner Method of Ring Expansion (Buchner Reaction) | Charette Asymmetric Cyclopropanation | Krapcho Dealkoxycarbonylation (Krapcho Reaction),9.961 | 2.182 | 1.378,True,True,816,application_example,Buchner Method of Ring Expansion | Buchner Method of Ring Expansion (Buchner Reaction) | Buchner Reaction,
adm_buchwald-hartwig_cross-coupling_370,Buchwald-Hartwig Cross-Coupling,Buchwald-Hartwig Cross-Coupling,Buchwald-Hartwig Cross-Coupling | Smiles Rearrangement | Bartoli Indole Synthesis,0.708 | 0.455 | 0.293,True,True,370,application_example,Buchwald-Hartwig Cross-Coupling,
adm_burgess_dehydration_reaction_1516,Burgess Dehydration Reaction,Burgess Dehydration Reaction,Burgess Dehydration Reaction | Wagner-Meerwein Rearrangement | Lieben Haloform Reaction,3.11 | 2.524 | 1.896,True,True,1516,application_example,Burgess Dehydration Reaction,
adm_cannizzaro_reaction_453,Cannizzaro Reaction,Cannizzaro Reaction,Cannizzaro Reaction | Pinacol and Semipinacol Rearrangement | Ritter Reaction,5.108 | 2.004 | 1.347,True,True,453,canonical_overview,Cannizzaro Reaction,
adm_carroll_rearrangement_(kimel-cope_rearrangement)_818,Carroll Rearrangement (Kimel-Cope Rearrangement),Carroll Rearrangement (Kimel-Cope Rearrangement),Carroll Rearrangement (Kimel-Cope Rearrangement) | Acetoacetic Ester Synthesis | Tsuji-Trost Reaction / Allylation,3.351 | 2.431 | 1.403,True,True,818,application_example,Carroll Rearrangement | Carroll Rearrangement (Kimel-Cope Rearrangement),
adm_castro-stephens_coupling_378,Castro-Stephens Coupling,Castro-Stephens Coupling,Castro-Stephens Coupling | Sonogashira Cross-Coupling | Corey-Fuchs Alkyne Synthesis,0.491 | 0.12 | 0.08,True,True,378,application_example,Castro-Stephens Coupling,
adm_charette_asymmetric_cyclopropanation_824,Charette Asymmetric Cyclopropanation,Buchner Method of Ring Expansion (Buchner Reaction),Buchner Method of Ring Expansion (Buchner Reaction) | Charette Asymmetric Cyclopropanation | Heck Reaction,7.354 | 4.247 | 1.533,False,True,824,application_example,Charette Asymmetric Cyclopropanation,
adm_chichibabin_amination_reaction_(chichibabin_reaction)_384,Chichibabin Amination Reaction (Chichibabin Reaction),Chichibabin Amination Reaction (Chichibabin Reaction),Chichibabin Amination Reaction (Chichibabin Reaction) | Ciamician-Dennstedt Rearrangement | Clemmensen Reduction,1.052 | 0.753 | 0.441,True,True,384,application_example,Chichibabin Amination Reaction | Chichibabin Amination Reaction (Chichibabin Reaction),
adm_chugaev_elimination_reaction_(xanthate_ester_pyrolysis)_826,Chugaev Elimination Reaction (Xanthate Ester Pyrolysis),Cope Elimination / Cope Reaction,Cope Elimination / Cope Reaction | Ring-Closing Metathesis | Alkene (Olefin) Metathesis,1.538 | 1.323 | 1.26,False,False,826,application_example,Chugaev Elimination Reaction | Chugaev Elimination Reaction (Xanthate Ester Pyrolysis),
adm_ciamician-dennstedt_rearrangement_242,Ciamician-Dennstedt Rearrangement,Ciamician-Dennstedt Rearrangement,Ciamician-Dennstedt Rearrangement | Clemmensen Reduction | Reimer-Tiemann Reaction,8.967 | 1.342 | 1.147,True,True,242,application_example,Ciamician-Dennstedt Rearrangement,
adm_claisen_condensation_/_claisen_reaction_408,Claisen Condensation / Claisen Reaction,Claisen Condensation / Claisen Reaction,Claisen Condensation / Claisen Reaction | Horner-Wadsworth-Emmons Olefination | Nenitzescu Indole Synthesis,11.845 | 2.165 | 1.194,True,True,408,application_example,Claisen Condensation | Claisen Condensation / Claisen Reaction,
adm_claisen_rearrangement_1456,Claisen Rearrangement,Claisen Rearrangement,Claisen Rearrangement | Keck Asymmetric Allylation | Aza-Cope Rearrangement,2.985 | 1.416 | 1.384,True,True,1456,application_example,Claisen Rearrangement,
adm_claisen-ireland_rearrangement_1483,Claisen-Ireland Rearrangement,Claisen-Ireland Rearrangement,Claisen-Ireland Rearrangement | Tsuji-Trost Reaction / Allylation | Carroll Rearrangement (Kimel-Cope Rearrangement),3.07 | 2.461 | 1.905,True,True,1483,application_example,Claisen-Ireland Rearrangement,
adm_clemmensen_reduction_1504,Clemmensen Reduction,Clemmensen Reduction,Clemmensen Reduction | Wolff-Kishner Reduction | Julia-Lythgoe Olefination,3.418 | 2.597 | 2.281,True,True,1504,application_example,Clemmensen Reduction,
adm_combes_quinoline_synthesis_828,Combes Quinoline Synthesis,Combes Quinoline Synthesis,Combes Quinoline Synthesis | Benzoin and Retro-Benzoin Condensation | von Pechmann Reaction,6.998 | 2.849 | 2.5,True,True,828,application_example,Combes Quinoline Synthesis,
adm_cope_elimination_/_cope_reaction_480,Cope Elimination / Cope Reaction,Cope Elimination / Cope Reaction,Cope Elimination / Cope Reaction | Hofmann Elimination | Ring-Closing Metathesis,4.67 | 1.697 | 1.323,True,True,480,canonical_overview,Cope Elimination / Cope Reaction,
adm_cope_rearrangement_845,Cope Rearrangement,Cope Rearrangement,Cope Rearrangement | Sakurai Allylation | Carroll Rearrangement (Kimel-Cope Rearrangement),2.816 | 1.407 | 1.115,True,True,845,application_example,Cope Rearrangement,
adm_corey-bakshi-shibata_reduction_(cbs_reduction)_837,Corey-Bakshi-Shibata Reduction (CBS Reduction),Corey-Bakshi-Shibata Reduction (CBS Reduction),Corey-Bakshi-Shibata Reduction (CBS Reduction) | Noyori Asymmetric Hydrogenation | Clemmensen Reduction,3.229 | 2.464 | 2.323,True,True,837,application_example,Corey-Bakshi-Shibata Reduction (CBS Reduction),
adm_corey-chaykovsky_epoxidation_and_cyclopropanation_839,Corey-Chaykovsky Epoxidation and Cyclopropanation,Corey-Chaykovsky Epoxidation and Cyclopropanation,Corey-Chaykovsky Epoxidation and Cyclopropanation | Julia-Lythgoe Olefination | Danishefsky's Diene Cycloaddition,2.722 | 2.375 | 2.37,True,True,839,application_example,Corey-Chaykovsky Epoxidation and Cyclopropanation,
adm_corey-fuchs_alkyne_synthesis_841,Corey-Fuchs Alkyne Synthesis,Corey-Fuchs Alkyne Synthesis,Corey-Fuchs Alkyne Synthesis | Wittig Reaction | Julia-Lythgoe Olefination,2.566 | 1.855 | 1.808,True,True,841,application_example,Corey-Fuchs Alkyne Synthesis,
adm_corey-kim_oxidation_843,Corey-Kim Oxidation,Ley Oxidation,Ley Oxidation | Corey-Kim Oxidation | Kornblum Oxidation,4.388 | 4.388 | 3.403,False,True,843,application_example,Corey-Kim Oxidation,
adm_corey-nicolaou_macrolactonization_847,Corey-Nicolaou Macrolactonization,Baeyer-Villiger Oxidation/Rearrangement,Baeyer-Villiger Oxidation/Rearrangement | Baeyer-Villiger Oxidation | Corey-Nicolaou Macrolactonization,3.019 | 1.878 | 1.782,False,True,847,application_example,Corey-Nicolaou Macrolactonization,
adm_corey-winter_olefination_849,Corey-Winter Olefination,Corey-Winter Olefination,Corey-Winter Olefination | Wittig Reaction | Julia-Lythgoe Olefination,4.415 | 2.629 | 2.341,True,True,849,application_example,Corey-Winter Olefination,
adm_cornforth_rearrangement_851,Cornforth Rearrangement,Cornforth Rearrangement,Cornforth Rearrangement | Horner-Wadsworth-Emmons Olefination | Krapcho Dealkoxycarbonylation (Krapcho Reaction),3.567 | 1.389 | 1.19,True,True,851,application_example,Cornforth Rearrangement,
adm_criegee_oxidation_855,Criegee Oxidation,Baeyer-Villiger Oxidation/Rearrangement,Baeyer-Villiger Oxidation/Rearrangement | Baeyer-Villiger Oxidation | Eschenmoser Methenylation,5.573 | 3.443 | 3.112,False,False,855,application_example,Criegee Oxidation,
adm_curtius_rearrangement_830,Curtius Rearrangement,Lossen Rearrangement,Lossen Rearrangement | Curtius Rearrangement | Wittig Reaction,3.507 | 3.164 | 2.144,False,True,830,application_example,Curtius Rearrangement,
adm_dakin_oxidation_832,Dakin Oxidation,Dakin Oxidation,Dakin Oxidation | Reimer-Tiemann Reaction | Kolbe-Schmitt Reaction,4.761 | 2.378 | 1.923,True,True,832,application_example,Dakin Oxidation,
adm_dakin-west_reaction_853,Dakin-West Reaction,Claisen Condensation / Claisen Reaction,Claisen Condensation / Claisen Reaction | Aldol Reaction | Dakin-West Reaction,1.399 | 1.295 | 1.179,False,True,853,application_example,Dakin-West Reaction,
adm_danheiser_benzannulation_857,Danheiser Benzannulation,Danheiser Benzannulation,Danheiser Benzannulation | Suzuki Cross-Coupling | Friedel-Crafts Acylation,3.516 | 0.877 | 0.679,True,True,857,application_example,Danheiser Benzannulation,
adm_danheiser_cyclopentene_annulation_859,Danheiser Cyclopentene Annulation,Danheiser Cyclopentene Annulation,Danheiser Cyclopentene Annulation | Horner-Wadsworth-Emmons Olefination | Seyferth-Gilbert Homologation,4.273 | 0.96 | 0.749,True,True,859,application_example,Danheiser Cyclopentene Annulation,
adm_danishefsky's_diene_cycloaddition_865,Danishefsky's Diene Cycloaddition,Danishefsky's Diene Cycloaddition,Danishefsky's Diene Cycloaddition | Robinson Annulation | Baylis-Hillman Reaction,3.931 | 0.78 | 0.7,True,True,865,application_example,Danishefsky's Diene Cycloaddition,
adm_darzens_glycidic_ester_condensation_861,Darzens Glycidic Ester Condensation,Horner-Wadsworth-Emmons Olefination,Horner-Wadsworth-Emmons Olefination | Darzens Glycidic Ester Condensation | Danishefsky's Diene Cycloaddition,4.179 | 2.711 | 2.04,False,True,861,application_example,Darzens Glycidic Ester Condensation,
adm_davis'_oxaziridine_oxidations_863,Davis' Oxaziridine Oxidations,Wolff-Kishner Reduction,Wolff-Kishner Reduction | Aza-Wittig Reaction | Sandmeyer Reaction,1.712 | 1.612 | 1.529,False,False,863,application_example,Davis' Oxaziridine Oxidations,
adm_de_mayo_cycloaddition_867,De Mayo Cycloaddition,Robinson Annulation,Robinson Annulation | Acetoacetic Ester Synthesis | De Mayo Cycloaddition,2.118 | 2.021 | 1.835,False,True,867,application_example,De Mayo Cycloaddition | De Mayo Cycloaddition (Enone-Alkene [2+2] Photocycloaddition),
adm_demjanov_rearrangement_and_tiffeneau-demjanov_rearrangement_869,Demjanov Rearrangement and Tiffeneau-Demjanov Rearrangement,Demjanov Rearrangement and Tiffeneau-Demjanov Rearrangement,Demjanov Rearrangement and Tiffeneau-Demjanov Rearrangement | Jones Oxidation | Dess-Martin Oxidation,3.155 | 2.901 | 2.325,True,True,869,application_example,Demjanov Rearrangement and Tiffeneau-Demjanov Rearrangement | Demjanov and Tiffeneau-Demjanov Rearrangement,
adm_dess-martin_oxidation_871,Dess-Martin Oxidation,Ley Oxidation,Ley Oxidation | Corey-Kim Oxidation | Kornblum Oxidation,4.388 | 4.388 | 3.403,False,False,871,application_example,Dess-Martin Oxidation,
adm_dieckmann_condensation_873,Dieckmann Condensation,Dieckmann Condensation,Dieckmann Condensation | Horner-Wadsworth-Emmons Olefination | Regitz Diazo Transfer,1.732 | 1.678 | 1.571,True,True,873,application_example,Dieckmann Condensation,
adm_diels-alder_cycloaddition_875,Diels-Alder Cycloaddition,Diels-Alder Cycloaddition,Diels-Alder Cycloaddition | Hetero Diels-Alder Cycloaddition (HDA) | Nenitzescu Indole Synthesis,3.55 | 1.418 | 0.536,True,True,875,application_example,Diels-Alder Cycloaddition,
adm_dienone-phenol_rearrangement_877,Dienone-Phenol Rearrangement,Dienone-Phenol Rearrangement,Dienone-Phenol Rearrangement | Robinson Annulation | Wagner-Meerwein Rearrangement,2.588 | 0.671 | 0.534,True,True,877,application_example,Dienone-Phenol Rearrangement,
adm_dimroth_rearrangement_971,Dimroth Rearrangement,Dimroth Rearrangement,Dimroth Rearrangement,3.235,True,True,971,application_example,Dimroth Rearrangement,
adm_doering-laflamme_allene_synthesis_972,Doering-Laflamme Allene Synthesis,Doering-Laflamme Allene Synthesis,Doering-Laflamme Allene Synthesis | Wolff Rearrangement | Ramberg-Bäcklund Rearrangement,2.011 | 0.485 | 0.429,True,True,972,application_example,Doering-Laflamme Allene Synthesis,
adm_dötz_benzannulation_reaction_973,Dötz Benzannulation Reaction,Dötz Benzannulation Reaction,Dötz Benzannulation Reaction | Alkyne Metathesis | Bergman Cycloaromatization Reaction,2.649 | 1.134 | 0.908,True,True,973,application_example,Dötz Benzannulation Reaction,
adm_enders_samp/ramp_hydrazone_alkylation_503,Enders SAMP/RAMP Hydrazone Alkylation,Enders SAMP/RAMP Hydrazone Alkylation,Enders SAMP/RAMP Hydrazone Alkylation | Eschenmoser Methenylation | Stork Enamine Synthesis,5.933 | 3.043 | 2.817,True,True,503,canonical_overview,Enders SAMP/RAMP Hydrazone Alkylation,
adm_enyne_metathesis_611,Enyne Metathesis,Schwartz Hydrozirconation,Schwartz Hydrozirconation | Brown Hydroboration Reaction | Tsuji-Wilkinson Decarbonylation Reaction,1.775 | 1.752 | 1.69,False,False,611,canonical_overview,Enyne Metathesis,
adm_eschenmoser_methenylation_975,Eschenmoser Methenylation,Eschenmoser Methenylation,Eschenmoser Methenylation | Enders SAMP/RAMP Hydrazone Alkylation | Stork Enamine Synthesis,4.849 | 2.818 | 2.199,True,True,975,application_example,Eschenmoser Methenylation,
adm_eschenmoser-claisen_rearrangement_506,Eschenmoser-Claisen Rearrangement,Eschenmoser-Claisen Rearrangement,Eschenmoser-Claisen Rearrangement | Johnson-Claisen Rearrangement | Cope Rearrangement,4.528 | 2.574 | 1.686,True,True,506,canonical_overview,Eschenmoser-Claisen Rearrangement,
adm_eschenmoser-tanabe_fragmentation_507,Eschenmoser-Tanabe Fragmentation,Eschenmoser-Tanabe Fragmentation,Eschenmoser-Tanabe Fragmentation | Friedel-Crafts Alkylation | Sandmeyer Reaction,8.098 | 1.032 | 1.011,True,True,507,canonical_overview,Eschenmoser-Tanabe Fragmentation,
adm_eschweiler-clarke_methylation_883,Eschweiler-Clarke Methylation,Eschweiler-Clarke Methylation,Eschweiler-Clarke Methylation | Pictet-Spengler Tetrahydroisoquinoline Synthesis | Arbuzov Reaction (Michaelis-Arbuzov Reaction),3.503 | 2.013 | 1.826,True,True,883,application_example,Eschweiler-Clarke Methylation | Eschweiler-Clarke Methylation (Reductive Alkylation),
adm_evans_aldol_reaction_893,Evans Aldol Reaction,Evans Aldol Reaction,Evans Aldol Reaction | Keck Asymmetric Allylation | Henry Reaction,4.353 | 2.456 | 2.366,True,True,893,application_example,Evans Aldol Reaction,
adm_favorskii_rearrangement_889,Favorskii Rearrangement,Favorskii Rearrangement,Favorskii Rearrangement | Favorskii and Homo-Favorskii Rearrangement | Meerwein-Ponndorf-Verley Reduction,3.155 | 2.632 | 1.305,True,True,889,application_example,Favorskii Rearrangement,
adm_favorskii_and_homo-favorskii_rearrangement_977,Favorskii and Homo-Favorskii Rearrangement,Favorskii Rearrangement,Favorskii Rearrangement | Favorskii and Homo-Favorskii Rearrangement | Meerwein-Ponndorf-Verley Reduction,3.129 | 2.873 | 1.305,False,True,977,application_example,Favorskii and Homo-Favorskii Rearrangement,
adm_feist-bénary_furan_synthesis_895,Feist-Bénary Furan Synthesis,Horner-Wadsworth-Emmons Olefination,Horner-Wadsworth-Emmons Olefination | Acetoacetic Ester Synthesis | Retro-Claisen Reaction,2.465 | 2.304 | 2.191,False,False,895,application_example,Feist-Bénary Furan Synthesis,
adm_ferrier_reaction_891,Ferrier Reaction,Ferrier Reaction,Ferrier Reaction | Koenigs-Knorr Glycosidation | Kahne Glycosidation,1.397 | 0.479 | 0.468,True,True,891,application_example,Ferrier Reaction | Ferrier Reaction/Rearrangement,
adm_finkelstein_reaction_885,Finkelstein Reaction,Finkelstein Reaction,Finkelstein Reaction | Tsuji-Wilkinson Decarbonylation Reaction | Williamson Ether Synthesis,1.784 | 0.768 | 0.674,True,True,885,application_example,Finkelstein Reaction,
adm_fischer_indole_synthesis_897,Fischer Indole Synthesis,Fischer Indole Synthesis,Fischer Indole Synthesis | Madelung Indole Synthesis | Wolff-Kishner Reduction,3.656 | 1.815 | 1.422,True,True,897,application_example,Fischer Indole Synthesis,
adm_fleming-tamao_oxidation_899,Fleming-Tamao Oxidation,Fleming-Tamao Oxidation,Fleming-Tamao Oxidation | Eschweiler-Clarke Methylation | Wolff-Kishner Reduction,3.109 | 2.302 | 1.946,True,True,899,application_example,Fleming-Tamao Oxidation,
adm_friedel-crafts_acylation_901,Friedel-Crafts Acylation,Friedel-Crafts Acylation,Friedel-Crafts Acylation | Aza-Wittig Reaction | Claisen Condensation / Claisen Reaction,2.203 | 1.307 | 1.28,True,True,901,application_example,Friedel-Crafts Acylation,
adm_friedel-crafts_alkylation_903,Friedel-Crafts Alkylation,Friedel-Crafts Alkylation,Friedel-Crafts Alkylation | Friedel-Crafts Acylation | Gattermann and Gattermann-Koch Formylation,5.265 | 2.112 | 1.541,True,True,903,application_example,Friedel-Crafts Alkylation,
adm_fries_rearrangement_592,Fries Rearrangement,Fries Rearrangement,Fries Rearrangement | Friedel-Crafts Acylation | Lieben Haloform Reaction,5.317 | 2.871 | 2.82,True,True,592,canonical_overview,"Fries Rearrangement | Fries-, Photo-Fries, and Anionic Ortho-Fries Rearrangement",
adm_furukawa_modification_928,Furukawa Modification,Furukawa Modification,Furukawa Modification | Simmons-Smith Cyclopropanation | Heck Reaction,2.85 | 2.484 | 2.069,True,True,928,application_example,Furukawa Modification,
adm_gabriel_synthesis_517,Gabriel Synthesis,Gabriel Synthesis,Gabriel Synthesis | Malonic Ester Synthesis | Williamson Ether Synthesis,4.613 | 1.534 | 1.173,True,True,517,canonical_overview,Gabriel Synthesis,
adm_gattermann_and_gattermann-koch_formylation_930,Gattermann and Gattermann-Koch Formylation,Gattermann and Gattermann-Koch Formylation,Gattermann and Gattermann-Koch Formylation | Friedel-Crafts Acylation | Kornblum Oxidation,2.581 | 2.281 | 1.972,True,True,930,application_example,Gattermann and Gattermann-Koch Formylation,
adm_glaser_coupling_915,Glaser Coupling,Aza-Wittig Reaction,Aza-Wittig Reaction | Glaser Coupling | Corey-Fuchs Alkyne Synthesis,2.101 | 1.928 | 1.74,False,True,915,application_example,Glaser Coupling,
adm_grignard_reaction_520,Grignard Reaction,Grignard Reaction,Grignard Reaction | Wolff-Kishner Reduction | Noyori Asymmetric Hydrogenation,4.548 | 1.973 | 1.894,True,True,520,canonical_overview,Grignard Reaction,
adm_grob_fragmentation_521,Grob Fragmentation,Grob Fragmentation,Grob Fragmentation | Pinacol and Semipinacol Rearrangement | Nef Reaction,4.02 | 1.299 | 1.26,True,True,521,canonical_overview,Grob Fragmentation,
adm_hajos-parrish_reaction_979,Hajos-Parrish Reaction,Hajos-Parrish Reaction,Hajos-Parrish Reaction | Robinson Annulation | Paal-Knorr Furan Synthesis,3.155 | 1.066 | 0.733,True,True,979,application_example,Hajos-Parrish Reaction,
adm_hantzsch_dihydropyridine_synthesis_905,Hantzsch Dihydropyridine Synthesis,Acetoacetic Ester Synthesis,Acetoacetic Ester Synthesis | Hantzsch Dihydropyridine Synthesis | Retro-Claisen Reaction,2.838 | 2.16 | 1.794,False,True,905,application_example,Hantzsch Dihydropyridine Synthesis,
adm_heck_reaction_919,Heck Reaction,Heck Reaction,Heck Reaction | Alkene (Olefin) Metathesis | Perkin Reaction,6.019 | 2.616 | 2.384,True,True,919,application_example,Heck Reaction,
adm_heine_reaction_1000,Heine Reaction,Heine Reaction,Heine Reaction | Bischler-Napieralski Isoquinoline Synthesis | Lieben Haloform Reaction,3.349 | 1.297 | 0.971,True,True,1000,application_example,Heine Reaction,
adm_hell-volhard-zelinsky_reaction_921,Hell-Volhard-Zelinsky Reaction,Hell-Volhard-Zelinsky Reaction,Hell-Volhard-Zelinsky Reaction | Favorskii and Homo-Favorskii Rearrangement | Enders SAMP/RAMP Hydrazone Alkylation,3.339 | 0.99 | 0.981,True,True,921,application_example,Hell-Volhard-Zelinsky Reaction,
adm_henry_reaction_923,Henry Reaction,Henry Reaction,Henry Reaction | Keck Asymmetric Allylation | Aza-Wittig Reaction,4.658 | 2.578 | 2.366,True,True,923,application_example,Henry Reaction,
adm_hetero_diels-alder_cycloaddition_(hda)_907,Hetero Diels-Alder Cycloaddition (HDA),Hetero Diels-Alder Cycloaddition (HDA),Hetero Diels-Alder Cycloaddition (HDA) | Alder (Ene) Reaction (Hydro-Allyl Addition) | Diels-Alder Cycloaddition,3.279 | 1.949 | 1.207,True,True,907,application_example,Hetero Diels-Alder Cycloaddition | Hetero Diels-Alder Cycloaddition (HDA),
adm_hofmann_elimination_528,Hofmann Elimination,Hofmann Elimination,Hofmann Elimination | Wittig Reaction - Schlosser Modification | Polonovski Reaction,3.882 | 1.182 | 1.15,True,True,528,canonical_overview,Hofmann Elimination,
adm_hofmann_rearrangement_911,Hofmann Rearrangement,Hofmann Rearrangement,Hofmann Rearrangement | Lossen Rearrangement | Curtius Rearrangement,4.464 | 3.771 | 2.835,True,True,911,application_example,Hofmann Rearrangement,
adm_hofmann-loffler-freytag_reaction_800,Hofmann-Loffler-Freytag Reaction,Hofmann-Loffler-Freytag Reaction,Hofmann-Loffler-Freytag Reaction | Eschenmoser-Tanabe Fragmentation | Neber Rearrangement,3.105 | 0.527 | 0.525,True,True,800,application_example,Hofmann-Loffler-Freytag Reaction | Hofmann-Löffler-Freytag Reaction (Remote Functionalization),
adm_horner-wadsworth-emmons_olefination_913,Horner-Wadsworth-Emmons Olefination,Horner-Wadsworth-Emmons Olefination,Horner-Wadsworth-Emmons Olefination | Julia-Lythgoe Olefination | Perkin Reaction,7.104 | 3.528 | 3.305,True,True,913,application_example,Horner-Wadsworth-Emmons | Horner-Wadsworth-Emmons Olefination,
adm_horner-wadsworth-emmons_olefination_–_still-gennari_modification_944,Horner-Wadsworth-Emmons Olefination – Still-Gennari Modification,Horner-Wadsworth-Emmons Olefination,Horner-Wadsworth-Emmons Olefination | Perkin Reaction | Heck Reaction,3.659 | 3.457 | 3.444,False,False,944,application_example,Horner-Wadsworth-Emmons Olefination – Still-Gennari Modification | Still-Gennari Modification,
adm_houben-hoesch_reaction_802,Houben-Hoesch Reaction,Houben-Hoesch Reaction,Houben-Hoesch Reaction | Reimer-Tiemann Reaction | Kolbe-Schmitt Reaction,4.726 | 2.114 | 1.661,True,True,802,application_example,Houben-Hoesch Reaction | Houben-Hoesch Reaction/Synthesis,
adm_hunsdiecker_reaction_932,Hunsdiecker Reaction,Aza-Wittig Reaction,Aza-Wittig Reaction | Suzuki Cross-Coupling | Claisen Condensation / Claisen Reaction,2.086 | 2.079 | 1.658,False,False,932,application_example,Hunsdiecker Reaction,
adm_intramolecular_nitrile_oxide_cycloaddition_1003,Intramolecular Nitrile Oxide Cycloaddition,Intramolecular Nitrile Oxide Cycloaddition,Intramolecular Nitrile Oxide Cycloaddition | Baldwin's Rules / Guidelines for Ring-Closing Reactions | Sharpless Asymmetric Epoxidation,2.748 | 0.514 | 0.354,True,True,1003,application_example,Intramolecular Nitrile Oxide Cycloaddition,
adm_jacobsen_hydrolytic_kinetic_resolution_535,Jacobsen Hydrolytic Kinetic Resolution,Jacobsen Hydrolytic Kinetic Resolution,Jacobsen Hydrolytic Kinetic Resolution | Payne Rearrangement | Prilezhaev Reaction,4.382 | 0.783 | 0.629,True,True,535,canonical_overview,Jacobsen Hydrolytic Kinetic Resolution,
adm_jacobsen-katsuki_epoxidation_934,Jacobsen-Katsuki Epoxidation,Shi Asymmetric Epoxidation,Shi Asymmetric Epoxidation | Jacobsen-Katsuki Epoxidation | Prilezhaev Reaction,2.682 | 2.337 | 2.337,False,True,934,application_example,Jacobsen-Katsuki Epoxidation,
adm_japp-klingemann_reaction_469,Japp-Klingemann Reaction,Japp-Klingemann Reaction,Japp-Klingemann Reaction | Retro-Claisen Reaction | Horner-Wadsworth-Emmons Olefination,2.838 | 2.129 | 2.095,True,True,469,canonical_overview,Japp-Klingemann Reaction,
adm_johnson-claisen_rearrangement_537,Johnson-Claisen Rearrangement,Johnson-Claisen Rearrangement,Johnson-Claisen Rearrangement | Eschenmoser-Claisen Rearrangement | Sharpless Asymmetric Epoxidation,5.18 | 2.016 | 1.31,True,True,537,canonical_overview,Johnson-Claisen Rearrangement,
adm_jones_oxidation_936,Jones Oxidation,Jones Oxidation,Jones Oxidation | Dess-Martin Oxidation | Demjanov Rearrangement and Tiffeneau-Demjanov Rearrangement,4.118 | 3.3 | 2.816,True,True,936,application_example,Jones Oxidation | Jones Oxidation/Oxidation of Alcohols by Chromium Reagents,
adm_julia-lythgoe_olefination_946,Julia-Lythgoe Olefination,Julia-Lythgoe Olefination,Julia-Lythgoe Olefination | Wittig Reaction | Perkin Reaction,5.735 | 4.748 | 3.812,True,True,946,application_example,Julia-Lythgoe Olefination,
adm_kagan-molander_samarium_diiodide-mediated_coupling_540,Kagan-Molander Samarium Diiodide-Mediated Coupling,Kagan-Molander Samarium Diiodide-Mediated Coupling,Kagan-Molander Samarium Diiodide-Mediated Coupling | Seyferth-Gilbert Homologation | Horner-Wadsworth-Emmons Olefination,1.831 | 1.429 | 1.355,True,True,540,canonical_overview,Kagan-Molander Samarium Diiodide-Mediated Coupling,
adm_kahne_glycosidation_541,Kahne Glycosidation,Kahne Glycosidation,Kahne Glycosidation | Koenigs-Knorr Glycosidation | Alkene (Olefin) Metathesis,2.129 | 0.797 | 0.45,True,True,541,canonical_overview,Kahne Glycosidation,
adm_keck_asymmetric_allylation_542,Keck Asymmetric Allylation,Keck Asymmetric Allylation,Keck Asymmetric Allylation | Henry Reaction | Roush Asymmetric Allylation,5.618 | 2.8 | 2.758,True,True,542,canonical_overview,Keck Asymmetric Allylation,
adm_keck_macrolactonization_1015,Keck Macrolactonization,Baeyer-Villiger Oxidation/Rearrangement,Baeyer-Villiger Oxidation/Rearrangement | Baeyer-Villiger Oxidation | Corey-Nicolaou Macrolactonization,3.019 | 1.878 | 1.782,False,False,1015,application_example,Keck Macrolactonization,
adm_keck_radical_allylation_1018,Keck Radical Allylation,Keck Radical Allylation,Keck Radical Allylation | Horner-Wadsworth-Emmons Olefination | Johnson-Claisen Rearrangement,2.608 | 1.636 | 1.565,True,True,1018,application_example,Keck Radical Allylation,
adm_knoevenagel_condensation_948,Knoevenagel Condensation,Julia-Lythgoe Olefination,Julia-Lythgoe Olefination | Wittig Reaction | Perkin Reaction,3.086 | 3.072 | 2.884,False,False,948,application_example,Knoevenagel Condensation,
adm_knorr_pyrrole_synthesis_455,Knorr Pyrrole Synthesis,Knorr Pyrrole Synthesis,Knorr Pyrrole Synthesis | Feist-Bénary Furan Synthesis | Hantzsch Dihydropyridine Synthesis,7.334 | 4.68 | 4.436,True,True,455,canonical_overview,Knorr Pyrrole Synthesis,
adm_koenigs-knorr_glycosidation_546,Koenigs-Knorr Glycosidation,Koenigs-Knorr Glycosidation,Koenigs-Knorr Glycosidation | Ferrier Reaction | Kahne Glycosidation,2.313 | 0.894 | 0.863,True,True,546,canonical_overview,Koenigs-Knorr Glycosidation,
adm_kolbe-schmitt_reaction_1024,Kolbe-Schmitt Reaction,Kolbe-Schmitt Reaction,Kolbe-Schmitt Reaction | Reimer-Tiemann Reaction | Aza-Wittig Reaction,3.526 | 3.084 | 2.203,True,True,1024,application_example,Kolbe-Schmitt Reaction,
adm_kornblum_oxidation_952,Kornblum Oxidation,Kornblum Oxidation,Kornblum Oxidation | Ley Oxidation | Corey-Kim Oxidation,4.388 | 3.403 | 3.403,True,True,952,application_example,Kornblum Oxidation,
adm_krapcho_dealkoxycarbonylation_(krapcho_reaction)_954,Krapcho Dealkoxycarbonylation (Krapcho Reaction),Krapcho Dealkoxycarbonylation (Krapcho Reaction),Krapcho Dealkoxycarbonylation (Krapcho Reaction) | Horner-Wadsworth-Emmons Olefination | Claisen Condensation / Claisen Reaction,3.03 | 2.061 | 1.929,True,True,954,application_example,Krapcho Dealkoxycarbonylation | Krapcho Dealkoxycarbonylation (Krapcho Reaction),
adm_kröhnke_pyridine_synthesis_550,Kröhnke Pyridine Synthesis,Kröhnke Pyridine Synthesis,Kröhnke Pyridine Synthesis | Claisen Condensation / Claisen Reaction | Hofmann Rearrangement,2.917 | 2.147 | 2.084,True,True,550,canonical_overview,Kröhnke Pyridine Synthesis,
adm_kulinkovich_reaction_1030,Kulinkovich Reaction,Kulinkovich Reaction,Kulinkovich Reaction | Kulinovich Reaction | Malonic Ester Synthesis,3.045 | 1.643 | 1.384,True,True,1030,application_example,Kulinkovich Reaction,
adm_kulinovich_reaction_1033,Kulinovich Reaction,Kulinovich Reaction,Kulinovich Reaction | Claisen Condensation / Claisen Reaction | Kulinkovich Reaction,3.113 | 1.149 | 1.11,True,True,1033,application_example,Kulinovich Reaction,
adm_kumada_cross-coupling_553,Kumada Cross-Coupling,Suzuki Cross-Coupling,Suzuki Cross-Coupling | Aza-Wittig Reaction | Wittig Reaction,4.282 | 2.463 | 2.383,False,False,553,canonical_overview,Kumada Cross-Coupling,
adm_larock_indole_synthesis_1036,Larock Indole Synthesis,Ullmann Reaction / Coupling / Biaryl Synthesis,Ullmann Reaction / Coupling / Biaryl Synthesis | Larock Indole Synthesis | Suzuki Cross-Coupling (Suzuki-Miyaura Cross-Coupling),1.908 | 1.262 | 0.999,False,True,1036,application_example,Larock Indole Synthesis,
adm_ley_oxidation_958,Ley Oxidation,Ley Oxidation,Ley Oxidation | Corey-Kim Oxidation | Kornblum Oxidation,4.388 | 4.388 | 3.403,True,True,958,application_example,Ley Oxidation,
adm_lieben_haloform_reaction_456,Lieben Haloform Reaction,Lieben Haloform Reaction,Lieben Haloform Reaction | Mannich Reaction | Noyori Asymmetric Hydrogenation,5.901 | 3.214 | 2.933,True,True,456,canonical_overview,Lieben Haloform Reaction,
adm_lossen_rearrangement_962,Lossen Rearrangement,Lossen Rearrangement,Lossen Rearrangement | Curtius Rearrangement | Wittig Reaction,4.189 | 2.318 | 2.095,True,True,962,application_example,Lossen Rearrangement,
adm_luche_reduction_964,Luche Reduction,Luche Reduction,Luche Reduction | Birch Reduction | Nagata Hydrocyanation,2.696 | 1.454 | 1.421,True,True,964,application_example,Luche Reduction,
adm_madelung_indole_synthesis_1039,Madelung Indole Synthesis,Madelung Indole Synthesis,Madelung Indole Synthesis | Fischer Indole Synthesis | Bartoli Indole Synthesis,3.155 | 1.248 | 1.003,True,True,1039,application_example,Madelung Indole Synthesis,
adm_malonic_ester_synthesis_460,Malonic Ester Synthesis,Malonic Ester Synthesis,Malonic Ester Synthesis | Retro-Claisen Reaction | Claisen Condensation / Claisen Reaction,5.274 | 2.094 | 1.974,True,True,460,canonical_overview,Malonic Ester Synthesis,
adm_mannich_reaction_471,Mannich Reaction,Mannich Reaction,Mannich Reaction | Lieben Haloform Reaction | Wolff-Kishner Reduction,6.485 | 3.176 | 2.839,True,True,471,canonical_overview,Mannich Reaction,
adm_mcmurry_coupling_1045,McMurry Coupling,Lieben Haloform Reaction,Lieben Haloform Reaction | Mannich Reaction | Noyori Asymmetric Hydrogenation,3.363 | 3.194 | 3.151,False,False,1045,application_example,McMurry Coupling,
adm_meerwein_arylation_555,Meerwein Arylation,Meerwein Arylation,Meerwein Arylation | Sandmeyer Reaction | Heck Reaction,4.548 | 2.737 | 2.317,True,True,555,canonical_overview,Meerwein Arylation,
adm_meerwein-ponndorf-verley_reduction_1051,Meerwein-Ponndorf-Verley Reduction,Noyori Asymmetric Hydrogenation,Noyori Asymmetric Hydrogenation | Corey-Bakshi-Shibata Reduction (CBS Reduction) | Midland Alpine Borane Reduction,4.69 | 4.054 | 3.564,False,False,1051,application_example,Meerwein-Ponndorf-Verley Reduction,
adm_meisenheimer_rearrangement_1054,Meisenheimer Rearrangement,Meisenheimer Rearrangement,Meisenheimer Rearrangement | Eschweiler-Clarke Methylation | Stevens Rearrangement,3.363 | 2.322 | 2.06,True,True,1054,application_example,Meisenheimer Rearrangement,
adm_meyer-schuster_and_rupe_rearrangement_1057,Meyer-Schuster and Rupe Rearrangement,Meyer-Schuster and Rupe Rearrangement,Meyer-Schuster and Rupe Rearrangement | Riley Selenium Dioxide Oxidation | Schwartz Hydrozirconation,1.914 | 0.698 | 0.63,True,True,1057,application_example,Meyer-Schuster and Rupe Rearrangement,
adm_michael_addition_reaction_610,Michael Addition Reaction,Malonic Ester Synthesis,Malonic Ester Synthesis | Acetoacetic Ester Synthesis | Michael Addition Reaction,2.981 | 2.718 | 2.545,False,True,610,canonical_overview,Michael Addition Reaction,
adm_midland_alpine_borane_reduction_1063,Midland Alpine Borane Reduction,Midland Alpine Borane Reduction,Midland Alpine Borane Reduction | Nicholas Reaction | Robinson Annulation,1.842 | 0.735 | 0.568,True,True,1063,application_example,Midland Alpine Borane Reduction,
adm_minisci_reaction_561,Minisci Reaction,Barton Radical Decarboxylation Reaction,Barton Radical Decarboxylation Reaction | Minisci Reaction | Barton Radical Decarboxylation,1.286 | 1.137 | 0.614,False,True,561,canonical_overview,Minisci Reaction,
adm_mislow-evans_rearrangement_1069,Mislow-Evans Rearrangement,Mislow-Evans Rearrangement,Mislow-Evans Rearrangement | Aldol Reaction | Oppenauer Oxidation,2.337 | 0.902 | 0.868,True,True,1069,application_example,Mislow-Evans Rearrangement,
adm_mitsunobu_reaction_612,Mitsunobu Reaction,Claisen Condensation / Claisen Reaction,Claisen Condensation / Claisen Reaction | Baeyer-Villiger Oxidation | Baeyer-Villiger Oxidation/Rearrangement,1.879 | 1.848 | 1.564,False,False,612,canonical_overview,Mitsunobu Reaction,
adm_miyaura_boration_564,Miyaura Boration,Ullmann Reaction / Coupling / Biaryl Synthesis,Ullmann Reaction / Coupling / Biaryl Synthesis | Miyaura Boration | Stille Cross-Coupling (Migita-Kosugi-Stille Coupling),2.915 | 2.086 | 2.049,False,True,564,canonical_overview,Miyaura Boration,
adm_mukaiyama_aldol_reaction_565,Mukaiyama Aldol Reaction,Henry Reaction,Henry Reaction | Keck Asymmetric Allylation | Wittig Reaction,2.516 | 2.49 | 2.171,False,False,565,canonical_overview,Mukaiyama Aldol Reaction,
adm_myers_asymmetric_alkylation_1081,Myers Asymmetric Alkylation,Myers Asymmetric Alkylation,Myers Asymmetric Alkylation | Mannich Reaction | Wolff-Kishner Reduction,3.503 | 0.809 | 0.745,True,True,1081,application_example,Myers Asymmetric Alkylation,
adm_nagata_hydrocyanation_1084,Nagata Hydrocyanation,Nagata Hydrocyanation,Nagata Hydrocyanation | Luche Reduction | Stork Enamine Synthesis,3.194 | 1.421 | 1.302,True,True,1084,application_example,Nagata Hydrocyanation,
adm_nazarov_cyclization_1087,Nazarov Cyclization,Nazarov Cyclization,Nazarov Cyclization | Perkin Reaction | Wittig Reaction,2.974 | 1.671 | 1.436,True,True,1087,application_example,Nazarov Cyclization,
adm_neber_rearrangement_1090,Neber Rearrangement,Neber Rearrangement,Neber Rearrangement | Wolff-Kishner Reduction | Clemmensen Reduction,2.92 | 1.653 | 1.634,True,True,1090,application_example,Neber Rearrangement,
adm_nef_reaction_1093,Nef Reaction,Nef Reaction,Nef Reaction | Henry Reaction | Wacker Oxidation,2.312 | 0.883 | 0.458,True,True,1093,application_example,Nef Reaction,
adm_negishi_cross-coupling_1096,Negishi Cross-Coupling,Suzuki Cross-Coupling,Suzuki Cross-Coupling | Aza-Wittig Reaction | Wittig Reaction,4.282 | 2.463 | 2.383,False,False,1096,application_example,Negishi Cross-Coupling,
adm_nenitzescu_indole_synthesis_1099,Nenitzescu Indole Synthesis,Nenitzescu Indole Synthesis,Nenitzescu Indole Synthesis | Claisen Condensation / Claisen Reaction | Aldol Reaction,1.291 | 0.634 | 0.521,True,True,1099,application_example,Nenitzescu Indole Synthesis,
adm_nicholas_reaction_1102,Nicholas Reaction,Barton-McCombie Radical Deoxygenation Reaction,Barton-McCombie Radical Deoxygenation Reaction | Alkyne Metathesis | Nicholas Reaction,1.509 | 1.279 | 1.254,False,True,1102,application_example,Nicholas Reaction,
adm_noyori_asymmetric_hydrogenation_1105,Noyori Asymmetric Hydrogenation,Noyori Asymmetric Hydrogenation,Noyori Asymmetric Hydrogenation | Corey-Bakshi-Shibata Reduction (CBS Reduction) | Midland Alpine Borane Reduction,4.69 | 4.054 | 3.564,True,True,1105,application_example,Noyori Asymmetric Hydrogenation,
adm_nozaki-hiyama-kishi_reaction_1108,Nozaki-Hiyama-Kishi Reaction,Julia-Lythgoe Olefination,Julia-Lythgoe Olefination | Wittig Reaction | Perkin Reaction,4.165 | 4.124 | 4.031,False,False,1108,application_example,Nozaki-Hiyama-Kishi Reaction,
adm_oppenauer_oxidation_1111,Oppenauer Oxidation,Mitsunobu Reaction,Mitsunobu Reaction | Corey-Kim Oxidation | Friedel-Crafts Acylation,3.431 | 3.407 | 2.746,False,False,1111,application_example,Oppenauer Oxidation,
adm_overman_rearrangement_1114,Overman Rearrangement,Overman Rearrangement,Overman Rearrangement | Carroll Rearrangement (Kimel-Cope Rearrangement) | Tsuji-Trost Reaction / Allylation,3.264 | 1.136 | 0.957,True,True,1114,application_example,Overman Rearrangement,
adm_oxy-cope_rearrangement_and_anionic_oxy-cope_rearrangement_1117,Oxy-Cope Rearrangement and Anionic Oxy-Cope Rearrangement,Oxy-Cope Rearrangement and Anionic Oxy-Cope Rearrangement,Oxy-Cope Rearrangement and Anionic Oxy-Cope Rearrangement | Johnson-Claisen Rearrangement | Wittig Reaction - Schlosser Modification,2.845 | 1.321 | 0.998,True,True,1117,application_example,Oxy-Cope Rearrangement and Anionic Oxy-Cope Rearrangement,
adm_paal-knorr_furan_synthesis_1120,Paal-Knorr Furan Synthesis,Paal-Knorr Furan Synthesis,Paal-Knorr Furan Synthesis | Robinson Annulation | Paal-Knorr Pyrrole Synthesis,4.278 | 1.276 | 1.065,True,True,1120,application_example,Paal-Knorr Furan Synthesis,
adm_paal-knorr_pyrrole_synthesis_1123,Paal-Knorr Pyrrole Synthesis,Paal-Knorr Furan Synthesis,Paal-Knorr Furan Synthesis | Paal-Knorr Pyrrole Synthesis | Robinson Annulation,2.532 | 1.583 | 1.276,False,True,1123,application_example,Paal-Knorr Pyrrole Synthesis,
adm_passerini_multicomponent_reaction_1126,Passerini Multicomponent Reaction,Horner-Wadsworth-Emmons Olefination,Horner-Wadsworth-Emmons Olefination | Aza-Wittig Reaction | Baeyer-Villiger Oxidation/Rearrangement,2.017 | 1.886 | 1.679,False,False,1126,application_example,Passerini Multicomponent Reaction,
adm_paternò-büchi_reaction_1129,Paternò-Büchi Reaction,Paternò-Büchi Reaction,Paternò-Büchi Reaction | Prins-Pinacol Rearrangement | Alder (Ene) Reaction (Hydro-Allyl Addition),2.743 | 1.663 | 1.508,True,True,1129,application_example,Paternò-Büchi Reaction,
adm_pauson-khand_reaction_1132,Pauson-Khand Reaction,Pauson-Khand Reaction,Pauson-Khand Reaction | Aza-Wittig Reaction | De Mayo Cycloaddition,2.626 | 1.233 | 1.134,True,True,1132,application_example,Pauson-Khand Reaction,
adm_payne_rearrangement_1135,Payne Rearrangement,Payne Rearrangement,Payne Rearrangement | Jacobsen Hydrolytic Kinetic Resolution | Sharpless Asymmetric Epoxidation,1.977 | 0.836 | 0.562,True,True,1135,application_example,Payne Rearrangement,
adm_perkin_reaction_1138,Perkin Reaction,Perkin Reaction,Perkin Reaction | Wittig Reaction | Julia-Lythgoe Olefination,6.546 | 3.673 | 3.488,True,True,1138,application_example,Perkin Reaction,
adm_petasis_boronic_acid-mannich_reaction_1141,Petasis Boronic Acid-Mannich Reaction,Aza-Wittig Reaction,Aza-Wittig Reaction | Aldol Reaction | Benzoin and Retro-Benzoin Condensation,1.267 | 0.979 | 0.894,False,False,1141,application_example,Petasis Boronic Acid-Mannich Reaction,
adm_petasis-ferrier_rearrangement_1144,Petasis-Ferrier Rearrangement,Petasis-Ferrier Rearrangement,Petasis-Ferrier Rearrangement | Prilezhaev Reaction | Shi Asymmetric Epoxidation,2.867 | 0.725 | 0.603,True,True,1144,application_example,Petasis-Ferrier Rearrangement,
adm_peterson_olefination_1147,Peterson Olefination,Noyori Asymmetric Hydrogenation,Noyori Asymmetric Hydrogenation | Lieben Haloform Reaction | Wolff-Kishner Reduction,2.942 | 2.903 | 2.866,False,False,1147,application_example,Peterson Olefination,
adm_pfitzner-moffatt_oxidation_1150,Pfitzner-Moffatt Oxidation,Ley Oxidation,Ley Oxidation | Corey-Kim Oxidation | Kornblum Oxidation,4.388 | 4.388 | 3.403,False,False,1150,application_example,Pfitzner-Moffatt Oxidation,
adm_pictet-spengler_tetrahydroisoquinoline_synthesis_1153,Pictet-Spengler Tetrahydroisoquinoline Synthesis,Pictet-Spengler Tetrahydroisoquinoline Synthesis,Pictet-Spengler Tetrahydroisoquinoline Synthesis | Eschweiler-Clarke Methylation | Aldol Reaction,3.039 | 1.592 | 1.05,True,True,1153,application_example,Pictet-Spengler Tetrahydroisoquinoline Synthesis,
adm_pinacol_and_semipinacol_rearrangement_1156,Pinacol and Semipinacol Rearrangement,Pinacol and Semipinacol Rearrangement,Pinacol and Semipinacol Rearrangement | Ritter Reaction | Quasi-Favorskii Rearrangement,4.422 | 2.15 | 2.107,True,True,1156,application_example,Pinacol and Semipinacol Rearrangement,
adm_pinner_reaction_1159,Pinner Reaction,Pinner Reaction,Pinner Reaction | Eschweiler-Clarke Methylation | Arbuzov Reaction (Michaelis-Arbuzov Reaction),2.826 | 2.036 | 1.807,True,True,1159,application_example,Pinner Reaction,
adm_pinnick_oxidation_1162,Pinnick Oxidation,Aza-Wittig Reaction,Aza-Wittig Reaction | Wittig Reaction | Pinnick Oxidation,3.142 | 3.063 | 2.955,False,True,1162,application_example,Pinnick Oxidation,
adm_polonovski_reaction_1165,Polonovski Reaction,Polonovski Reaction,Polonovski Reaction | Claisen Condensation / Claisen Reaction | Perkin Reaction,2.49 | 1.756 | 1.744,True,True,1165,application_example,Polonovski Reaction,
adm_pomeranz-fritsch_reaction_1168,Pomeranz-Fritsch Reaction,Pomeranz-Fritsch Reaction,Pomeranz-Fritsch Reaction | Skraup and Doebner-Miller Quinoline Synthesis | Wittig Reaction,4.455 | 2.274 | 2.171,True,True,1168,application_example,Pomeranz-Fritsch Reaction,
adm_prilezhaev_reaction_1171,Prilezhaev Reaction,Shi Asymmetric Epoxidation,Shi Asymmetric Epoxidation | Jacobsen-Katsuki Epoxidation | Prilezhaev Reaction,2.682 | 2.337 | 2.337,False,True,1171,application_example,Prilezhaev Reaction,
adm_prins_reaction_1174,Prins Reaction,Alder (Ene) Reaction (Hydro-Allyl Addition),Alder (Ene) Reaction (Hydro-Allyl Addition) | Hetero Diels-Alder Cycloaddition (HDA) | Sharpless Asymmetric Epoxidation,1.917 | 1.843 | 1.132,False,False,1174,application_example,Prins Reaction,
adm_prins-pinacol_rearrangement_1177,Prins-Pinacol Rearrangement,Prins-Pinacol Rearrangement,Prins-Pinacol Rearrangement | Cope Rearrangement | Takai-Utimoto Olefination (Takai Reaction),2.337 | 0.748 | 0.693,True,True,1177,application_example,Prins-Pinacol Rearrangement,
adm_prévost_reaction_1180,Prévost Reaction,Prévost Reaction,Prévost Reaction | Sharpless Asymmetric Dihydroxylation | Keck Asymmetric Allylation,2.9 | 2.642 | 1.958,True,True,1180,application_example,Prévost Reaction,
adm_pummerer_rearrangement_1183,Pummerer Rearrangement,Pummerer Rearrangement,Pummerer Rearrangement | Hell-Volhard-Zelinsky Reaction | Enders SAMP/RAMP Hydrazone Alkylation,2.623 | 0.89 | 0.731,True,True,1183,application_example,Pummerer Rearrangement,
adm_quasi-favorskii_rearrangement_1186,Quasi-Favorskii Rearrangement,Pinacol and Semipinacol Rearrangement,Pinacol and Semipinacol Rearrangement | Cannizzaro Reaction | Quasi-Favorskii Rearrangement,2.547 | 1.672 | 1.281,False,True,1186,application_example,Quasi-Favorskii Rearrangement,
adm_ramberg-bäcklund_rearrangement_1189,Ramberg-Bäcklund Rearrangement,Ramberg-Bäcklund Rearrangement,Ramberg-Bäcklund Rearrangement | Riley Selenium Dioxide Oxidation | Wittig Reaction - Schlosser Modification,2.639 | 0.512 | 0.498,True,True,1189,application_example,Ramberg-Bäcklund Rearrangement,
adm_reformatsky_reaction_1192,Reformatsky Reaction,Horner-Wadsworth-Emmons Olefination,Horner-Wadsworth-Emmons Olefination | Keck Asymmetric Allylation | Henry Reaction,4.476 | 2.745 | 2.736,False,False,1192,application_example,Reformatsky Reaction,
adm_regitz_diazo_transfer_1195,Regitz Diazo Transfer,Regitz Diazo Transfer,Regitz Diazo Transfer | Malonic Ester Synthesis | Retro-Claisen Reaction,3.16 | 2.391 | 2.172,True,True,1195,application_example,Regitz Diazo Transfer,
adm_reimer-tiemann_reaction_1198,Reimer-Tiemann Reaction,Reimer-Tiemann Reaction,Reimer-Tiemann Reaction | Dakin Oxidation | Kolbe-Schmitt Reaction,4.643 | 2.424 | 2.018,True,True,1198,application_example,Reimer-Tiemann Reaction,
adm_retro-claisen_reaction_1201,Retro-Claisen Reaction,Retro-Claisen Reaction,Retro-Claisen Reaction | Malonic Ester Synthesis | Claisen Condensation / Claisen Reaction,4.433 | 3.601 | 2.477,True,True,1201,application_example,Retro-Claisen Reaction,
adm_riley_selenium_dioxide_oxidation_1204,Riley Selenium Dioxide Oxidation,Riley Selenium Dioxide Oxidation,Riley Selenium Dioxide Oxidation | Prilezhaev Reaction | Simmons-Smith Cyclopropanation,1.767 | 1.436 | 1.231,True,True,1204,application_example,Riley Selenium Dioxide Oxidation,
adm_ring-closing_alkyne_metathesis_1207,Ring-Closing Alkyne Metathesis,Ring-Closing Alkyne Metathesis,Ring-Closing Alkyne Metathesis | Alkyne Metathesis | Dötz Benzannulation Reaction,3.155 | 0.894 | 0.834,True,True,1207,application_example,Ring-Closing Alkyne Metathesis,
adm_ring-closing_metathesis_1210,Ring-Closing Metathesis,Ring-Closing Metathesis,Ring-Closing Metathesis | Alkene (Olefin) Metathesis | Cope Elimination / Cope Reaction,2.639 | 2.487 | 1.538,True,True,1210,application_example,Ring-Closing Metathesis,
adm_ring-opening_metathesis_1213,Ring-Opening Metathesis,Ring-Opening Metathesis,Ring-Opening Metathesis | Ring-Opening Metathesis Polymerization | Simmons-Smith Reaction,2.471 | 1.062 | 0.432,True,True,1213,application_example,Ring-Opening Metathesis,
adm_ring-opening_metathesis_polymerization_1216,Ring-Opening Metathesis Polymerization,Ring-Opening Metathesis Polymerization,Ring-Opening Metathesis Polymerization | Ring-Opening Metathesis | Wittig Reaction - Schlosser Modification,2.449 | 1.062 | 0.842,True,True,1216,application_example,Ring-Opening Metathesis Polymerization,
adm_ritter_reaction_1219,Ritter Reaction,Ritter Reaction,Ritter Reaction | Pinacol and Semipinacol Rearrangement | Quasi-Favorskii Rearrangement,3.871 | 1.848 | 1.125,True,True,1219,application_example,Ritter Reaction,
adm_robinson_annulation_1222,Robinson Annulation,Robinson Annulation,Robinson Annulation | Enders SAMP/RAMP Hydrazone Alkylation | Eschenmoser Methenylation,2.797 | 2.627 | 2.205,True,True,1222,application_example,Robinson Annulation,
adm_roush_asymmetric_allylation_1225,Roush Asymmetric Allylation,Keck Asymmetric Allylation,Keck Asymmetric Allylation | Henry Reaction | Roush Asymmetric Allylation,4.118 | 2.8 | 2.758,False,True,1225,application_example,Roush Asymmetric Allylation,
adm_rubottom_oxidation_1228,Rubottom Oxidation,Rubottom Oxidation,Rubottom Oxidation | Saegusa Oxidation | Retro-Claisen Reaction,3.642 | 2.029 | 1.314,True,True,1228,application_example,Rubottom Oxidation,
adm_saegusa_oxidation_1231,Saegusa Oxidation,Saegusa Oxidation,Saegusa Oxidation | Rubottom Oxidation | Riley Selenium Dioxide Oxidation,2.527 | 1.544 | 0.98,True,True,1231,application_example,Saegusa Oxidation,
adm_sakurai_allylation_1234,Sakurai Allylation,Keck Asymmetric Allylation,Keck Asymmetric Allylation | Sakurai Allylation | Henry Reaction,4.118 | 3.274 | 2.8,False,True,1234,application_example,Sakurai Allylation,
adm_sandmeyer_reaction_1237,Sandmeyer Reaction,Sandmeyer Reaction,Sandmeyer Reaction | Balz-Schiemann Reaction (Schiemann Reaction) | Aza-Wittig Reaction,4.489 | 2.472 | 2.463,True,True,1237,application_example,Sandmeyer Reaction,
adm_schmidt_reaction_1240,Schmidt Reaction,Schmidt Reaction,Schmidt Reaction | Lieben Haloform Reaction | Mannich Reaction,3.163 | 2.552 | 2.265,True,True,1240,application_example,Schmidt Reaction,
adm_schotten-baumann_reaction_1243,Schotten-Baumann Reaction,Aza-Wittig Reaction,Aza-Wittig Reaction | Claisen Condensation / Claisen Reaction | Schmidt Reaction,2.968 | 2.345 | 1.342,False,False,1243,application_example,Schotten-Baumann Reaction,
adm_schwartz_hydrozirconation_1246,Schwartz Hydrozirconation,Schwartz Hydrozirconation,Schwartz Hydrozirconation | Hofmann Elimination | Wittig Reaction - Schlosser Modification,1.857 | 0.905 | 0.752,True,True,1246,application_example,Schwartz Hydrozirconation,
adm_seyferth-gilbert_homologation_1249,Seyferth-Gilbert Homologation,Corey-Fuchs Alkyne Synthesis,Corey-Fuchs Alkyne Synthesis | Wittig Reaction | Aza-Wittig Reaction,3.516 | 3.047 | 2.88,False,False,1249,application_example,Seyferth-Gilbert Homologation,
adm_sharpless_asymmetric_aminohydroxylation_1252,Sharpless Asymmetric Aminohydroxylation,Sharpless Asymmetric Aminohydroxylation,Sharpless Asymmetric Aminohydroxylation | Sharpless Asymmetric Dihydroxylation | Prévost Reaction,2.738 | 2.464 | 2.116,True,True,1252,application_example,Sharpless Asymmetric Aminohydroxylation,
adm_sharpless_asymmetric_dihydroxylation_1255,Sharpless Asymmetric Dihydroxylation,Sharpless Asymmetric Dihydroxylation,Sharpless Asymmetric Dihydroxylation | Prévost Reaction | Keck Asymmetric Allylation,3.25 | 2.339 | 2.269,True,True,1255,application_example,Sharpless Asymmetric Dihydroxylation,
adm_sharpless_asymmetric_epoxidation_1258,Sharpless Asymmetric Epoxidation,Sharpless Asymmetric Epoxidation,Sharpless Asymmetric Epoxidation | Johnson-Claisen Rearrangement | Eschenmoser-Claisen Rearrangement,2.98 | 1.31 | 1.116,True,True,1258,application_example,Sharpless Asymmetric Epoxidation,
adm_shi_asymmetric_epoxidation_1261,Shi Asymmetric Epoxidation,Shi Asymmetric Epoxidation,Shi Asymmetric Epoxidation | Jacobsen-Katsuki Epoxidation | Prilezhaev Reaction,2.682 | 2.337 | 2.337,True,True,1261,application_example,Shi Asymmetric Epoxidation,
adm_simmons-smith_cyclopropanation_1264,Simmons-Smith Cyclopropanation,Furukawa Modification,Furukawa Modification | Simmons-Smith Cyclopropanation | Heck Reaction,2.85 | 2.484 | 2.069,False,True,1264,application_example,Simmons-Smith Cyclopropanation,
adm_simmons-smith_reaction_1267,Simmons-Smith Reaction,Simmons-Smith Cyclopropanation,Simmons-Smith Cyclopropanation | Furukawa Modification | Prilezhaev Reaction,2.515 | 2.31 | 1.739,False,False,1267,application_example,Simmons-Smith Reaction,
adm_skraup_and_doebner-miller_quinoline_synthesis_1270,Skraup and Doebner-Miller Quinoline Synthesis,Skraup and Doebner-Miller Quinoline Synthesis,Skraup and Doebner-Miller Quinoline Synthesis | Aza-Wittig Reaction | Sandmeyer Reaction,1.657 | 1.335 | 0.816,True,True,1270,application_example,Skraup and Doebner-Miller Quinoline Synthesis,
adm_smiles_rearrangement_1273,Smiles Rearrangement,Smiles Rearrangement,Smiles Rearrangement | Perkin Reaction | Kornblum Oxidation,3.282 | 1.199 | 1.148,True,True,1273,application_example,Smiles Rearrangement,
adm_smith-tietze_multicomponent_dithiane_linchpin_coupling_1276,Smith-Tietze Multicomponent Dithiane Linchpin Coupling,Smith-Tietze Multicomponent Dithiane Linchpin Coupling,Smith-Tietze Multicomponent Dithiane Linchpin Coupling | Pinacol and Semipinacol Rearrangement | Weinreb Ketone Synthesis,0.854 | 0.413 | 0.36,True,True,1276,application_example,Smith-Tietze Multicomponent Dithiane Linchpin Coupling,
adm_snieckus_directed_ortho_metalation_1279,Snieckus Directed Ortho Metalation,Snieckus Directed Ortho Metalation,Snieckus Directed Ortho Metalation | Vilsmeier-Haack Formylation | Friedel-Crafts Acylation,2.946 | 1.864 | 1.707,True,True,1279,application_example,Snieckus Directed Ortho Metalation,
adm_sommelet-hauser_rearrangement_1282,Sommelet-Hauser Rearrangement,Sommelet-Hauser Rearrangement,Sommelet-Hauser Rearrangement | Eschweiler-Clarke Methylation | Stevens Rearrangement,3.33 | 2.198 | 1.978,True,True,1282,application_example,Sommelet-Hauser Rearrangement,
adm_sonogashira_cross-coupling_1285,Sonogashira Cross-Coupling,Heck Reaction,Heck Reaction | Friedel-Crafts Alkylation | Miyaura Boration,2.171 | 1.822 | 1.608,False,False,1285,application_example,Sonogashira Cross-Coupling,
adm_staudinger_ketene_cycloaddition_1288,Staudinger Ketene Cycloaddition,Staudinger Ketene Cycloaddition,Staudinger Ketene Cycloaddition | Wittig Reaction | Aza-Wittig Reaction,2.908 | 1.861 | 1.253,True,True,1288,application_example,Staudinger Ketene Cycloaddition,
adm_staudinger_reaction_1291,Staudinger Reaction,Hofmann Rearrangement,Hofmann Rearrangement | Lossen Rearrangement | Friedel-Crafts Alkylation,2.521 | 2.373 | 2.297,False,False,1291,application_example,Staudinger Reaction,
adm_stephen_aldehyde_synthesis_(stephen_reduction)_1294,Stephen Aldehyde Synthesis (Stephen Reduction),Ley Oxidation,Ley Oxidation | Corey-Kim Oxidation | Kornblum Oxidation,3.026 | 3.026 | 3.026,False,False,1294,application_example,Stephen Aldehyde Synthesis (Stephen Reduction),
adm_stetter_reaction_1297,Stetter Reaction,Stetter Reaction,Stetter Reaction | Horner-Wadsworth-Emmons Olefination | Perkin Reaction,3.578 | 2.634 | 2.545,True,True,1297,application_example,Stetter Reaction,
adm_stevens_rearrangement_1300,Stevens Rearrangement,Stevens Rearrangement,Stevens Rearrangement | Mannich Reaction | Baker-Venkataraman Rearrangement,2.509 | 2.209 | 1.878,True,True,1300,application_example,Stevens Rearrangement,
adm_stille_carbonylative_cross-coupling_1303,Stille Carbonylative Cross-Coupling,Friedel-Crafts Acylation,Friedel-Crafts Acylation | Heck Reaction | Aza-Wittig Reaction,3.275 | 3.001 | 2.474,False,False,1303,application_example,Stille Carbonylative Cross-Coupling,
adm_stille_cross-coupling_(migita-kosugi-stille_coupling)_1306,Stille Cross-Coupling (Migita-Kosugi-Stille Coupling),Heck Reaction,Heck Reaction | Wittig Reaction | Tebbe Olefination/Petasis-Tebbe Olefination,2.963 | 2.875 | 2.303,False,False,1306,application_example,Stille Cross-Coupling (Migita-Kosugi-Stille Coupling),
adm_stille-kelly_coupling_1309,Stille-Kelly Coupling,Heck Reaction,Heck Reaction | Stille-Kelly Coupling | Pomeranz-Fritsch Reaction,1.389 | 1.262 | 1.184,False,True,1309,application_example,Stille-Kelly Coupling,
adm_stobbe_condensation_1312,Stobbe Condensation,Horner-Wadsworth-Emmons Olefination,Horner-Wadsworth-Emmons Olefination | Julia-Lythgoe Olefination | Perkin Reaction,4.855 | 2.997 | 2.762,False,False,1312,application_example,Stobbe Condensation,
adm_stork_enamine_synthesis_1315,Stork Enamine Synthesis,Stork Enamine Synthesis,Stork Enamine Synthesis | Eschenmoser Methenylation | Enders SAMP/RAMP Hydrazone Alkylation,3.181 | 2.205 | 2.015,True,True,1315,application_example,Stork Enamine Synthesis,
adm_strecker_reaction_1318,Strecker Reaction,Wittig Reaction,Wittig Reaction | Henry Reaction | Perkin Reaction,2.801 | 2.789 | 2.764,False,False,1318,application_example,Strecker Reaction,
adm_suzuki_cross-coupling_1321,Suzuki Cross-Coupling,Suzuki Cross-Coupling (Suzuki-Miyaura Cross-Coupling),Suzuki Cross-Coupling (Suzuki-Miyaura Cross-Coupling) | Ullmann Reaction / Coupling / Biaryl Synthesis | Kumada Cross-Coupling,7.755 | 4.534 | 4.317,False,False,1321,application_example,Suzuki Cross-Coupling,
adm_suzuki_cross-coupling_(suzuki-miyaura_cross-coupling)_1324,Suzuki Cross-Coupling (Suzuki-Miyaura Cross-Coupling),Suzuki Cross-Coupling (Suzuki-Miyaura Cross-Coupling),Suzuki Cross-Coupling (Suzuki-Miyaura Cross-Coupling) | Kumada Cross-Coupling | Ullmann Reaction / Coupling / Biaryl Synthesis,5.734 | 2.777 | 2.673,True,True,1324,application_example,Suzuki Cross-Coupling (Suzuki-Miyaura Cross-Coupling),
adm_swern_oxidation_1327,Swern Oxidation,Ley Oxidation,Ley Oxidation | Corey-Kim Oxidation | Kornblum Oxidation,4.388 | 4.388 | 3.403,False,False,1327,application_example,Swern Oxidation,
adm_takai-utimoto_olefination_(takai_reaction)_1330,Takai-Utimoto Olefination (Takai Reaction),Wittig Reaction,Wittig Reaction | Julia-Lythgoe Olefination | Perkin Reaction,3.734 | 3.471 | 3.316,False,False,1330,application_example,Takai-Utimoto Olefination (Takai Reaction),
adm_tebbe_olefination/petasis-tebbe_olefination_1333,Tebbe Olefination/Petasis-Tebbe Olefination,Tebbe Olefination/Petasis-Tebbe Olefination,Tebbe Olefination/Petasis-Tebbe Olefination | Heck Reaction | Noyori Asymmetric Hydrogenation,3.004 | 2.18 | 2.086,True,True,1333,application_example,Tebbe Olefination/Petasis-Tebbe Olefination,
adm_tishchenko_reaction_1336,Tishchenko Reaction,Horner-Wadsworth-Emmons Olefination,Horner-Wadsworth-Emmons Olefination | Perkin Reaction | Stetter Reaction,2.726 | 2.563 | 2.545,False,False,1336,application_example,Tishchenko Reaction,
adm_tsuji-trost_reaction_/_allylation_1339,Tsuji-Trost Reaction / Allylation,Tsuji-Trost Reaction / Allylation,Tsuji-Trost Reaction / Allylation | Malonic Ester Synthesis | Acetoacetic Ester Synthesis,3.97 | 2.919 | 2.866,True,True,1339,application_example,Tsuji-Trost Reaction / Allylation,
adm_tsuji-wilkinson_decarbonylation_reaction_1342,Tsuji-Wilkinson Decarbonylation Reaction,Julia-Lythgoe Olefination,Julia-Lythgoe Olefination | Wittig Reaction | Aza-Wittig Reaction,2.29 | 2.171 | 2.037,False,False,1342,application_example,Tsuji-Wilkinson Decarbonylation Reaction,
adm_ugi_multicomponent_reaction_1345,Ugi Multicomponent Reaction,Aza-Wittig Reaction,Aza-Wittig Reaction | Horner-Wadsworth-Emmons Olefination | Aldol Reaction,3.221 | 2.608 | 1.693,False,False,1345,application_example,Ugi Multicomponent Reaction,
adm_ullmann_biaryl_ether_and_biaryl_amine_synthesis_/_condensation_1348,Ullmann Biaryl Ether and Biaryl Amine Synthesis / Condensation,Aza-Wittig Reaction,Aza-Wittig Reaction | Suzuki Cross-Coupling | Claisen Condensation / Claisen Reaction,3.767 | 2.183 | 1.611,False,False,1348,application_example,Ullmann Biaryl Ether and Biaryl Amine Synthesis / Condensation,
adm_ullmann_reaction_/_coupling_/_biaryl_synthesis_1351,Ullmann Reaction / Coupling / Biaryl Synthesis,Wittig Reaction,Wittig Reaction | Aza-Wittig Reaction | Miyaura Boration,2.674 | 2.598 | 2.526,False,False,1351,application_example,Ullmann Reaction / Coupling / Biaryl Synthesis,
adm_vilsmeier-haack_formylation_1354,Vilsmeier-Haack Formylation,Vilsmeier-Haack Formylation,Vilsmeier-Haack Formylation | Snieckus Directed Ortho Metalation | Gattermann and Gattermann-Koch Formylation,2.532 | 2.221 | 1.763,True,True,1354,application_example,Vilsmeier-Haack Formylation,
adm_vinylcyclopropane-cyclopentene_rearrangement_1357,Vinylcyclopropane-Cyclopentene Rearrangement,Vinylcyclopropane-Cyclopentene Rearrangement,Vinylcyclopropane-Cyclopentene Rearrangement | Ring-Closing Metathesis | Cope Elimination / Cope Reaction,2.883 | 1.835 | 1.199,True,True,1357,application_example,Vinylcyclopropane-Cyclopentene Rearrangement,
adm_wacker_oxidation_1360,Wacker Oxidation,Wacker Oxidation,Wacker Oxidation | Brown Hydroboration Reaction | Jones Oxidation,2.4 | 1.3 | 1.211,True,True,1360,application_example,Wacker Oxidation,
adm_wagner-meerwein_rearrangement_1363,Wagner-Meerwein Rearrangement,Wagner-Meerwein Rearrangement,Wagner-Meerwein Rearrangement | Pinacol and Semipinacol Rearrangement | Ritter Reaction,2.795 | 2.085 | 1.534,True,True,1363,application_example,Wagner-Meerwein Rearrangement,
adm_weinreb_ketone_synthesis_1366,Weinreb Ketone Synthesis,Snieckus Directed Ortho Metalation,Snieckus Directed Ortho Metalation | Friedel-Crafts Acylation | Lieben Haloform Reaction,2.927 | 2.8 | 2.703,False,False,1366,application_example,Weinreb Ketone Synthesis,
adm_wharton_fragmentation_1369,Wharton Fragmentation,Wharton Fragmentation,Wharton Fragmentation | Criegee Oxidation | Claisen Rearrangement,2.321 | 1.114 | 0.892,True,True,1369,application_example,Wharton Fragmentation,
adm_wharton_olefin_synthesis_(wharton_transposition)_1372,Wharton Olefin Synthesis (Wharton Transposition),Wharton Olefin Synthesis (Wharton Transposition),Wharton Olefin Synthesis (Wharton Transposition) | Luche Reduction | Favorskii Rearrangement,2.482 | 1.26 | 0.853,True,True,1372,application_example,Wharton Olefin Synthesis (Wharton Transposition),
adm_williamson_ether_synthesis_1375,Williamson Ether Synthesis,Williamson Ether Synthesis,Williamson Ether Synthesis | Wolff-Kishner Reduction | Clemmensen Reduction,2.83 | 1.883 | 1.717,True,True,1375,application_example,Williamson Ether Synthesis,
adm_wittig_reaction_466,Wittig Reaction,Wittig Reaction,Wittig Reaction | Aza-Wittig Reaction | Julia-Lythgoe Olefination,8.208 | 5.065 | 3.636,True,True,466,canonical_overview,Wittig Reaction,
adm_wittig_reaction_-_schlosser_modification_1381,Wittig Reaction - Schlosser Modification,Julia-Lythgoe Olefination,Julia-Lythgoe Olefination | Horner-Wadsworth-Emmons Olefination | Wittig Reaction,4.744 | 3.129 | 3.112,False,False,1381,application_example,Wittig Reaction - Schlosser Modification,
"adm_wittig-[1,2]-_and_[2,3]-rearrangement_1384","Wittig-[1,2]- and [2,3]-Rearrangement",Noyori Asymmetric Hydrogenation,"Noyori Asymmetric Hydrogenation | Wittig-[1,2]- and [2,3]-Rearrangement | Corey-Bakshi-Shibata Reduction (CBS Reduction)",3.006 | 2.853 | 2.822,False,True,1384,application_example,"Wittig-[1,2]- and [2,3]-Rearrangement",
adm_wohl-ziegler_bromination_1387,Wohl-Ziegler Bromination,Wohl-Ziegler Bromination,Wohl-Ziegler Bromination | Aza-Wittig Reaction | Clemmensen Reduction,2.515 | 2.203 | 2.195,True,True,1387,application_example,Wohl-Ziegler Bromination,
adm_wolff_rearrangement_1390,Wolff Rearrangement,Wolff Rearrangement,Wolff Rearrangement | Wittig Reaction | Lossen Rearrangement,2.921 | 2.556 | 1.824,True,True,1390,application_example,Wolff Rearrangement,
adm_wolff-kishner_reduction_1393,Wolff-Kishner Reduction,Wolff-Kishner Reduction,Wolff-Kishner Reduction | Clemmensen Reduction | Noyori Asymmetric Hydrogenation,4.419 | 4.347 | 2.869,True,True,1393,application_example,Wolff-Kishner Reduction,
adm_wurtz_coupling_1396,Wurtz Coupling,Tsuji-Wilkinson Decarbonylation Reaction,Tsuji-Wilkinson Decarbonylation Reaction | Finkelstein Reaction | Gabriel Synthesis,1.723 | 1.54 | 1.305,False,False,1396,application_example,Wurtz Coupling,
adm_yamaguchi_macrolactonization_1399,Yamaguchi Macrolactonization,Baeyer-Villiger Oxidation/Rearrangement,Baeyer-Villiger Oxidation/Rearrangement | Baeyer-Villiger Oxidation | Corey-Nicolaou Macrolactonization,3.019 | 1.878 | 1.782,False,False,1399,application_example,Yamaguchi Macrolactonization,
adm_von_pechmann_reaction_1402,von Pechmann Reaction,Acetoacetic Ester Synthesis,Acetoacetic Ester Synthesis | Claisen Condensation / Claisen Reaction | Regitz Diazo Transfer,2.304 | 1.496 | 1.116,False,False,1402,application_example,von Pechmann Reaction,
