page_no,filename,status,reaction_family,n_schemes,page_title
14,named reactions_14.jpg,ok,Simmons-Smith Cyclopropanation,5,IV. EXPLANATION OF THE USE OF COLORS IN THE SCHEMES AND TEXT
15,named reactions_15.jpg,ok,,2,
16,named reactions_16.jpg,ok,,2,TABLE OF CONTENTS
46,named reactions_46.jpg,ok,,0,TABLE OF CONTENTS
47,named reactions_47.jpg,ok,,0,TABLE OF CONTENTS
48,named reactions_48.jpg,ok,,0,TABLE OF CONTENTS
49,named reactions_49.jpg,ok,,0,TABLE OF CONTENTS
50,named reactions_50.jpg,ok,,0,TABLE OF CONTENTS
51,named reactions_51.jpg,ok,,0,TABLE OF CONTENTS
52,named reactions_52.jpg,ok,,0,TABLE OF CONTENTS
53,named reactions_53.jpg,ok,,0,VII. NAMED ORGANIC REACTIONS IN ALPHABETICAL ORDER
54,named reactions_54.jpg,ok,Acetoacetic Ester Synthesis,2,ACETOACETIC ESTER SYNTHESIS
