case_id,expected,predicted,top3_correct,reaction_smiles,top3_families,top3_scores,r_phosphorus,p_phosphorus,r_silicon,p_silicon,bucket,rationale
adm_aldol_reaction_1519,Aldol Reaction,Stetter Reaction,False,CC(C)=O.O=Cc1ccccc1>>CC(=O)CC(O)c1ccccc1,Stetter Reaction | Perkin Reaction | Keck Asymmetric Allylation,3.089 | 3.046 | 2.886,0,0,0,0,targeted_depth,pred 'stetter' sig ['carbonyl'] satisfied; expected 'Aldol Reaction' needs depth near test
adm_amadori_reaction_/_rearrangement_806,Amadori Reaction / Rearrangement,Arndt-Eistert Homologation / Synthesis,False,COc1ccc(N[C@H]2O[C@H](CO)[C@H](O)[C@@H](O)[C@H]2O)cc1>>COc1ccc(NCC(=O)[C@H](O)[C@H](O)[C@H](O)CO)cc1,Arndt-Eistert Homologation / Synthesis | Swern Oxidation | Pinner Reaction,1.298 | 1.296 | 1.147,0,0,0,0,smarts_guard,pred 'arndt-eistert' needs ['carboxylic_acid']; test missing ['carboxylic_acid']
adm_baldwin's_rules_/_guidelines_for_ring-closing_reactions_970,Baldwin's Rules / Guidelines for Ring-Closing Reactions,Acetoacetic Ester Synthesis,True,OCCCCBr>>C1CCOC1,Acetoacetic Ester Synthesis | Baldwin's Rules / Guidelines for Ring-Closing Reactions | Corey-Nicolaou Macrolactonization,1.686 | 0.883 | 0.359,0,0,0,0,smarts_guard,pred 'acetoacetic ester synthesis' needs ['ester']; test missing ['ester']
adm_bamford-stevens-shapiro_olefination_1531,Bamford-Stevens-Shapiro Olefination,Schwartz Hydrozirconation,False,CCCCC(C)=O>>C=CCCCC,Schwartz Hydrozirconation | Paal-Knorr Furan Synthesis | Wacker Oxidation,1.295 | 1.053 | 0.979,0,0,0,0,targeted_depth,pred 'schwartz hydrozirconation' sig ['alkene'] satisfied; expected 'Bamford-Stevens-Shapiro Olefination' needs depth near test
adm_barbier_coupling_reaction_461,Barbier Coupling Reaction,Sakurai Allylation,True,CC(C)=O.C=CCBr>>C=CCC(C)(C)O,Sakurai Allylation | Barbier Coupling Reaction | Acetoacetic Ester Synthesis,3.541 | 1.74 | 1.432,0,0,0,0,smarts_guard,pred 'sakurai' needs ['silicon']; test missing ['silicon']
adm_barton_radical_decarboxylation_reaction_357,Barton Radical Decarboxylation Reaction,Diels-Alder Cycloaddition,False,O=C(CCCCCCCCCCCCCC(=O)On1ccccc1=S)On1ccccc1=S.CC1=CC(=O)OC1=O>>CC1=C(CCCCCCCCCCCCCCCCC2=C(C)C(=O)OC2=O)C(=O)OC1=O.CC1=C([C@H]2C(=O)O[C@@]2(C)CCCCCCCCCCCCCC[C@@]2(C)C(=O)O[C@H]2C)C(=O)O1,Diels-Alder Cycloaddition | Danheiser Benzannulation | Paal-Knorr Furan Synthesis,0.354 | 0.31 | 0.287,0,0,0,0,targeted_depth,pred 'diels-alder' sig ['alkene'] satisfied; expected 'Barton Radical Decarboxylation Reaction' needs depth near test
adm_barton-mccombie_radical_deoxygenation_reaction_796,Barton-McCombie Radical Deoxygenation Reaction,Paternò-Büchi Reaction,True,CSC(=S)O[C@H]1C[C@H]2C3C[C@@H]([C@@H]12)C(C)(C)O3>>CC1(C)O[C@H]2CC3[C@H]4C[C@@H]3C241,Paternò-Büchi Reaction | Baker-Venkataraman Rearrangement | Barton-McCombie Radical Deoxygenation Reaction,0.831 | 0.413 | 0.049,0,0,0,0,smarts_guard,"pred 'paternò-büchi' needs ['carbonyl', 'alkene']; test missing ['carbonyl', 'alkene']"
adm_beckmann_rearrangement_1435,Beckmann Rearrangement,Eschenmoser Methenylation,False,O=NC=C1CCCCC1>>O=C1CCCCCN1,Eschenmoser Methenylation | Enders SAMP/RAMP Hydrazone Alkylation | Ciamician-Dennstedt Rearrangement,1.469 | 1.401 | 1.143,0,0,0,0,targeted_depth,pred 'eschenmoser methenylation' sig ['carbonyl'] satisfied; expected 'Beckmann Rearrangement' needs depth near test
adm_biginelli_reaction_1441,Biginelli Reaction,Acetoacetic Ester Synthesis,False,CCOC(=O)CC(C)=O.NC(N)=O.O=Cc1ccccc1>>CCOC(=O)C1=C(C)NC(=O)NC1c1ccccc1,Acetoacetic Ester Synthesis | Perkin Reaction | Wittig Reaction,2.198 | 2.066 | 1.761,0,0,0,0,targeted_depth,pred 'acetoacetic ester synthesis' sig ['ester'] satisfied; expected 'Biginelli Reaction' needs depth near test
adm_charette_asymmetric_cyclopropanation_824,Charette Asymmetric Cyclopropanation,Buchner Method of Ring Expansion (Buchner Reaction),True,C=Cc1ccccc1.CCOC(=O)C=[N+]=[N-]>>CCOC(=O)C1CC1c1ccccc1,Buchner Method of Ring Expansion (Buchner Reaction) | Charette Asymmetric Cyclopropanation | Furukawa Modification,7.354 | 4.247 | 1.493,0,0,0,0,targeted_depth,pred 'buchner method' sig ['aromatic_ring'] satisfied; expected 'Charette Asymmetric Cyclopropanation' needs depth near test
adm_chugaev_elimination_reaction_(xanthate_ester_pyrolysis)_826,Chugaev Elimination Reaction (Xanthate Ester Pyrolysis),Cope Elimination / Cope Reaction,False,CCSC(=S)OC1CCCCC1>>C1=CCCCC1,Cope Elimination / Cope Reaction | Ring-Closing Metathesis | Alkene (Olefin) Metathesis,1.538 | 1.323 | 1.26,0,0,0,0,smarts_guard,pred 'cope elimination' needs ['amine']; test missing ['amine']
adm_corey-kim_oxidation_843,Corey-Kim Oxidation,Ley Oxidation,True,OCc1ccccc1>>O=Cc1ccccc1,Ley Oxidation | Corey-Kim Oxidation | Kornblum Oxidation,4.388 | 4.388 | 3.403,0,0,0,0,targeted_depth,pred 'ley oxidation' sig ['alcohol'] satisfied; expected 'Corey-Kim Oxidation' needs depth near test
adm_criegee_oxidation_855,Criegee Oxidation,Baeyer-Villiger Oxidation/Rearrangement,False,O=C1CCCCC1>>O=C1CCCCCO1,Baeyer-Villiger Oxidation/Rearrangement | Baeyer-Villiger Oxidation | Eschenmoser Methenylation,5.573 | 3.443 | 3.112,0,0,0,0,targeted_depth,pred 'baeyer-villiger' sig ['carbonyl'] satisfied; expected 'Criegee Oxidation' needs depth near test
adm_curtius_rearrangement_830,Curtius Rearrangement,Lossen Rearrangement,True,[N-]=[N+]=NC(=O)c1ccccc1>>O=C=Nc1ccccc1,Lossen Rearrangement | Curtius Rearrangement | Wittig Reaction,3.507 | 3.164 | 2.144,0,0,0,0,smarts_guard,pred 'lossen' needs ['carboxylic_acid']; test missing ['carboxylic_acid']
adm_dakin-west_reaction_853,Dakin-West Reaction,Claisen Condensation / Claisen Reaction,True,N[C@@H](Cc1ccccc1)C(=O)O>>CC(=O)NC(Cc1ccccc1)C(C)=O,Claisen Condensation / Claisen Reaction | Aldol Reaction | Dakin-West Reaction,1.399 | 1.295 | 1.179,0,0,0,0,smarts_guard,pred 'claisen condensation' needs ['ester']; test missing ['ester']
adm_davis'_oxaziridine_oxidations_863,Davis' Oxaziridine Oxidations,Wolff-Kishner Reduction,False,CSc1ccccc1>>CS(=O)c1ccccc1,Wolff-Kishner Reduction | Sandmeyer Reaction | Noyori Asymmetric Hydrogenation,1.712 | 1.529 | 1.515,0,0,0,0,smarts_guard,pred 'wolff-kishner' needs ['carbonyl']; test missing ['carbonyl']
adm_de_mayo_cycloaddition_867,De Mayo Cycloaddition,Robinson Annulation,True,C1=CCCCC1.CC(=O)CC(C)=O>>CC(=O)CC(=O)C(C)C1CCCCC1,Robinson Annulation | Acetoacetic Ester Synthesis | De Mayo Cycloaddition,2.118 | 2.021 | 1.835,0,0,0,0,targeted_depth,pred 'robinson annulation' sig ['carbonyl'] satisfied; expected 'De Mayo Cycloaddition' needs depth near test
adm_dess-martin_oxidation_871,Dess-Martin Oxidation,Ley Oxidation,False,OCc1ccccc1>>O=Cc1ccccc1,Ley Oxidation | Corey-Kim Oxidation | Kornblum Oxidation,4.388 | 4.388 | 3.403,0,0,0,0,targeted_depth,pred 'ley oxidation' sig ['alcohol'] satisfied; expected 'Dess-Martin Oxidation' needs depth near test
adm_enyne_metathesis_611,Enyne Metathesis,Schwartz Hydrozirconation,False,C=CCCCCCC.C#CCCCC>>CCCC/C=C/C=C/CCCCCC,Schwartz Hydrozirconation | Brown Hydroboration Reaction | Tsuji-Wilkinson Decarbonylation Reaction,1.775 | 1.752 | 1.69,0,0,0,0,targeted_depth,pred 'schwartz hydrozirconation' sig ['alkene'] satisfied; expected 'Enyne Metathesis' needs depth near test
adm_feist-bénary_furan_synthesis_895,Feist-Bénary Furan Synthesis,Acetoacetic Ester Synthesis,False,CCOC(=O)CC(C)=O.O=C(CBr)c1ccccc1>>CCOC(=O)c1cc(-c2ccccc2)c(C)o1,Acetoacetic Ester Synthesis | Retro-Claisen Reaction | Claisen Condensation / Claisen Reaction,2.198 | 2.191 | 1.989,0,0,0,0,targeted_depth,pred 'acetoacetic ester synthesis' sig ['ester'] satisfied; expected 'Feist-Bénary Furan Synthesis' needs depth near test
adm_hantzsch_dihydropyridine_synthesis_905,Hantzsch Dihydropyridine Synthesis,Acetoacetic Ester Synthesis,True,C=O.CCOC(=O)CC(C)=O.N>>CCOC(=O)C1=C(C)NC(C)=C(C(=O)OCC)C1,Acetoacetic Ester Synthesis | Hantzsch Dihydropyridine Synthesis | Regitz Diazo Transfer,2.838 | 2.16 | 1.757,0,0,0,0,targeted_depth,pred 'acetoacetic ester synthesis' sig ['ester'] satisfied; expected 'Hantzsch Dihydropyridine Synthesis' needs depth near test
adm_horner-wadsworth-emmons_olefination_–_still-gennari_modification_944,Horner-Wadsworth-Emmons Olefination – Still-Gennari Modification,Perkin Reaction,False,O=Cc1ccccc1>>COC(=O)/C=C/c1ccccc1,Perkin Reaction | Wittig Reaction | Pinnick Oxidation,3.457 | 3.045 | 2.193,0,0,0,0,targeted_depth,pred 'perkin' sig ['carbonyl'] satisfied; expected 'Horner-Wadsworth-Emmons Olefination – Still-Gennari Modification' needs depth near test
adm_hunsdiecker_reaction_932,Hunsdiecker Reaction,Claisen Condensation / Claisen Reaction,True,O=C(O)c1ccccc1>>Brc1ccccc1,Claisen Condensation / Claisen Reaction | Hunsdiecker Reaction | Hofmann Rearrangement,1.658 | 0.697 | 0.533,0,0,0,0,smarts_guard,pred 'claisen condensation' needs ['ester']; test missing ['ester']
adm_jacobsen-katsuki_epoxidation_934,Jacobsen-Katsuki Epoxidation,Shi Asymmetric Epoxidation,True,C=Cc1ccccc1>>c1ccc(C2CO2)cc1,Shi Asymmetric Epoxidation | Jacobsen-Katsuki Epoxidation | Prilezhaev Reaction,2.682 | 2.337 | 2.337,0,0,0,0,targeted_depth,pred 'shi asymmetric epoxidation' sig ['alkene'] satisfied; expected 'Jacobsen-Katsuki Epoxidation' needs depth near test
adm_keck_macrolactonization_1015,Keck Macrolactonization,Corey-Nicolaou Macrolactonization,True,O=C(O)CCCCCCCCCCO>>O=C1CCCCCCCCCCO1,Corey-Nicolaou Macrolactonization | Keck Macrolactonization | Yamaguchi Macrolactonization,1.782 | 1.782 | 1.782,0,0,0,0,targeted_depth,"pred 'corey-nicolaou macrolactonization' sig ['carboxylic_acid', 'alcohol'] satisfied; expected 'Keck Macrolactonization' needs depth near test"
adm_knoevenagel_condensation_948,Knoevenagel Condensation,Wittig Reaction,False,N#CC#N.O=Cc1ccccc1>>N#CC(C#N)=Cc1ccccc1,Wittig Reaction | Perkin Reaction | Corey-Fuchs Alkyne Synthesis,3.072 | 2.884 | 2.22,0,0,0,0,smarts_guard,pred 'wittig reaction' needs ['phosphorus']; test missing ['phosphorus']
adm_kumada_cross-coupling_553,Kumada Cross-Coupling,Wittig Reaction,True,Brc1ccccc1.[CH3][Mg][Br]>>Cc1ccccc1,Wittig Reaction | Kumada Cross-Coupling | Miyaura Boration,2.383 | 2.186 | 2.014,0,0,0,0,smarts_guard,pred 'wittig reaction' needs ['phosphorus']; test missing ['phosphorus']
adm_larock_indole_synthesis_1036,Larock Indole Synthesis,Ullmann Reaction / Coupling / Biaryl Synthesis,True,Nc1ccccc1I>>c1ccc(-c2c[nH]c3ccccc23)cc1,Ullmann Reaction / Coupling / Biaryl Synthesis | Larock Indole Synthesis | Suzuki Cross-Coupling (Suzuki-Miyaura Cross-Coupling),1.908 | 1.262 | 0.999,0,0,0,0,targeted_depth,pred 'ullmann reaction' sig ['aryl_halide'] satisfied; expected 'Larock Indole Synthesis' needs depth near test
adm_mcmurry_coupling_1045,McMurry Coupling,Lieben Haloform Reaction,False,CC(=O)c1ccccc1>>CC(=C(C)c1ccccc1)c1ccccc1,Lieben Haloform Reaction | Mannich Reaction | Noyori Asymmetric Hydrogenation,3.363 | 3.194 | 3.151,0,0,0,0,targeted_depth,pred 'lieben haloform' sig ['carbonyl'] satisfied; expected 'McMurry Coupling' needs depth near test
adm_meerwein-ponndorf-verley_reduction_1051,Meerwein-Ponndorf-Verley Reduction,Noyori Asymmetric Hydrogenation,False,CC(=O)c1ccccc1>>CC(O)c1ccccc1,Noyori Asymmetric Hydrogenation | Corey-Bakshi-Shibata Reduction (CBS Reduction) | Midland Alpine Borane Reduction,4.447 | 4.054 | 3.564,0,0,0,0,smarts_guard,pred 'noyori asymmetric hydrogenation' needs ['alkene']; test missing ['alkene']
adm_michael_addition_reaction_610,Michael Addition Reaction,Malonic Ester Synthesis,True,CCOC(=O)CC(=O)OCC.C=CC(C)=O>>CCOC(=O)C(CCC(C)=O)C(=O)OCC,Malonic Ester Synthesis | Acetoacetic Ester Synthesis | Michael Addition Reaction,2.981 | 2.718 | 2.545,0,0,0,0,targeted_depth,pred 'malonic ester synthesis' sig ['ester'] satisfied; expected 'Michael Addition Reaction' needs depth near test
adm_minisci_reaction_561,Minisci Reaction,Barton Radical Decarboxylation Reaction,True,c1ccncc1.CC(C)(C)C(=O)O>>CC(C)(C)c1ccccn1,Barton Radical Decarboxylation Reaction | Minisci Reaction | Barton Radical Decarboxylation,1.286 | 1.137 | 0.614,0,0,0,0,targeted_depth,pred 'barton radical decarboxylation' sig ['carboxylic_acid'] satisfied; expected 'Minisci Reaction' needs depth near test
adm_mitsunobu_reaction_612,Mitsunobu Reaction,Claisen Condensation / Claisen Reaction,False,CCCCCC[C@H](C)O.O=C(O)c1ccccc1>>CCCCCC[C@@H](C)OC(=O)c1ccccc1,Claisen Condensation / Claisen Reaction | Aldol Reaction | Regitz Diazo Transfer,1.879 | 1.11 | 1.027,0,0,0,0,targeted_depth,pred 'claisen condensation' sig ['ester'] satisfied; expected 'Mitsunobu Reaction' needs depth near test
adm_miyaura_boration_564,Miyaura Boration,Ullmann Reaction / Coupling / Biaryl Synthesis,True,Ic1ccccc1.CC1(C)OB(B2OC(C)(C)C2(C)C)OC1(C)C>>CC1(C)OB(c2ccccc2)OC1(C)C,Ullmann Reaction / Coupling / Biaryl Synthesis | Miyaura Boration | Stille Cross-Coupling (Migita-Kosugi-Stille Coupling),2.915 | 2.086 | 2.049,0,0,0,0,targeted_depth,pred 'ullmann reaction' sig ['aryl_halide'] satisfied; expected 'Miyaura Boration' needs depth near test
adm_mukaiyama_aldol_reaction_565,Mukaiyama Aldol Reaction,Henry Reaction,False,CC1=C(O[Si](C)(C)C)CCCC1.O=Cc1ccccc1>>O=C1CCCCC1C(O)c1ccccc1,Henry Reaction | Keck Asymmetric Allylation | Wittig Reaction,2.516 | 2.49 | 2.171,0,0,1,0,smarts_guard,"pred 'henry' needs ['carbonyl', 'nitro']; test missing ['nitro']"
adm_negishi_cross-coupling_1096,Negishi Cross-Coupling,Wittig Reaction,False,Brc1ccccc1>>Cc1ccccc1,Wittig Reaction | Miyaura Boration | Sandmeyer Reaction,2.383 | 2.014 | 1.914,0,0,0,0,smarts_guard,pred 'wittig reaction' needs ['phosphorus']; test missing ['phosphorus']
adm_nicholas_reaction_1102,Nicholas Reaction,Barton-McCombie Radical Deoxygenation Reaction,True,CC(O)C#Cc1ccccc1>>CCC(C#Cc1ccccc1)OC,Barton-McCombie Radical Deoxygenation Reaction | Alkyne Metathesis | Nicholas Reaction,1.509 | 1.279 | 1.254,0,0,0,0,targeted_depth,pred 'barton-mccombie' sig ['alcohol'] satisfied; expected 'Nicholas Reaction' needs depth near test
adm_nozaki-hiyama-kishi_reaction_1108,Nozaki-Hiyama-Kishi Reaction,Wittig Reaction,False,IC=Cc1ccccc1.O=Cc1ccccc1>>OC(C=Cc1ccccc1)c1ccccc1,Wittig Reaction | Perkin Reaction | Keck Asymmetric Allylation,4.124 | 4.031 | 3.696,0,0,0,0,smarts_guard,pred 'wittig reaction' needs ['phosphorus']; test missing ['phosphorus']
adm_oppenauer_oxidation_1111,Oppenauer Oxidation,Mitsunobu Reaction,False,CC(O)c1ccccc1>>CC(=O)c1ccccc1,Mitsunobu Reaction | Corey-Kim Oxidation | Dess-Martin Oxidation,3.431 | 3.407 | 3.407,0,0,0,0,targeted_depth,pred 'mitsunobu' sig ['alcohol'] satisfied; expected 'Oppenauer Oxidation' needs depth near test
adm_paal-knorr_pyrrole_synthesis_1123,Paal-Knorr Pyrrole Synthesis,Paal-Knorr Furan Synthesis,True,CC(=O)CCC(C)=O.N>>Cc1ccc(C)[nH]1,Paal-Knorr Furan Synthesis | Paal-Knorr Pyrrole Synthesis | Robinson Annulation,2.532 | 1.583 | 1.276,0,0,0,0,targeted_depth,pred 'paal-knorr furan' sig ['carbonyl'] satisfied; expected 'Paal-Knorr Pyrrole Synthesis' needs depth near test
adm_passerini_multicomponent_reaction_1126,Passerini Multicomponent Reaction,Aldol Reaction,False,CC(=O)O.O=Cc1ccccc1.[C-]#[N+]C(C)(C)C>>CC(=O)OC(C(=O)NC(C)(C)C)c1ccccc1,Aldol Reaction | Claisen Condensation / Claisen Reaction | Henry Reaction,1.627 | 1.169 | 0.994,0,0,0,0,targeted_depth,pred 'aldol reaction' sig ['carbonyl'] satisfied; expected 'Passerini Multicomponent Reaction' needs depth near test
adm_petasis_boronic_acid-mannich_reaction_1141,Petasis Boronic Acid-Mannich Reaction,Aldol Reaction,False,C1CCNCC1.O=CC(=O)O.OB(O)c1ccccc1>>O=C(O)C(c1ccccc1)N1CCCCC1,Aldol Reaction | Benzoin and Retro-Benzoin Condensation | Claisen Condensation / Claisen Reaction,0.979 | 0.894 | 0.819,0,0,0,0,targeted_depth,pred 'aldol reaction' sig ['carbonyl'] satisfied; expected 'Petasis Boronic Acid-Mannich Reaction' needs depth near test
adm_peterson_olefination_1147,Peterson Olefination,Noyori Asymmetric Hydrogenation,False,CC(=O)c1ccccc1.CC[Si](C)(C)C>>CC(C)=Cc1ccccc1,Noyori Asymmetric Hydrogenation | Lieben Haloform Reaction | Wolff-Kishner Reduction,2.942 | 2.903 | 2.866,0,0,1,0,targeted_depth,pred 'noyori asymmetric hydrogenation' sig ['alkene'] satisfied; expected 'Peterson Olefination' needs depth near test
adm_pfitzner-moffatt_oxidation_1150,Pfitzner-Moffatt Oxidation,Ley Oxidation,False,OCc1ccccc1>>O=Cc1ccccc1,Ley Oxidation | Corey-Kim Oxidation | Kornblum Oxidation,4.388 | 4.388 | 3.403,0,0,0,0,targeted_depth,pred 'ley oxidation' sig ['alcohol'] satisfied; expected 'Pfitzner-Moffatt Oxidation' needs depth near test
adm_pinnick_oxidation_1162,Pinnick Oxidation,Wittig Reaction,True,O=Cc1ccccc1>>O=C(O)c1ccccc1,Wittig Reaction | Pinnick Oxidation | Perkin Reaction,3.063 | 2.955 | 2.943,0,0,0,0,smarts_guard,pred 'wittig reaction' needs ['phosphorus']; test missing ['phosphorus']
adm_prilezhaev_reaction_1171,Prilezhaev Reaction,Shi Asymmetric Epoxidation,True,C=Cc1ccccc1>>c1ccc(C2CO2)cc1,Shi Asymmetric Epoxidation | Jacobsen-Katsuki Epoxidation | Prilezhaev Reaction,2.682 | 2.337 | 2.337,0,0,0,0,targeted_depth,pred 'shi asymmetric epoxidation' sig ['alkene'] satisfied; expected 'Prilezhaev Reaction' needs depth near test
adm_prins_reaction_1174,Prins Reaction,Alder (Ene) Reaction (Hydro-Allyl Addition),False,C=CCC=C.C=O>>OCCC1CC(CO)C1,Alder (Ene) Reaction (Hydro-Allyl Addition) | Hetero Diels-Alder Cycloaddition (HDA) | Sharpless Asymmetric Epoxidation,1.917 | 1.843 | 1.132,0,0,0,0,targeted_depth,pred 'alder (ene)' sig ['alkene'] satisfied; expected 'Prins Reaction' needs depth near test
adm_quasi-favorskii_rearrangement_1186,Quasi-Favorskii Rearrangement,Pinacol and Semipinacol Rearrangement,True,CC(C)C(=O)C(C)(C)Cl>>CC(=O)C(C)(C)C,Pinacol and Semipinacol Rearrangement | Cannizzaro Reaction | Quasi-Favorskii Rearrangement,2.547 | 1.672 | 1.281,0,0,0,0,smarts_guard,pred 'pinacol and semipinacol' needs ['alcohol']; test missing ['alcohol']
adm_reformatsky_reaction_1192,Reformatsky Reaction,Keck Asymmetric Allylation,False,CCOC(=O)CBr.O=Cc1ccccc1>>CCOC(=O)CC(O)c1ccccc1,Keck Asymmetric Allylation | Henry Reaction | Perkin Reaction,2.745 | 2.736 | 2.143,0,0,0,0,targeted_depth,pred 'keck asymmetric allylation' sig ['carbonyl'] satisfied; expected 'Reformatsky Reaction' needs depth near test
adm_roush_asymmetric_allylation_1225,Roush Asymmetric Allylation,Keck Asymmetric Allylation,True,O=Cc1ccccc1>>C=CCC(O)c1ccccc1,Keck Asymmetric Allylation | Henry Reaction | Roush Asymmetric Allylation,4.118 | 2.8 | 2.758,0,0,0,0,targeted_depth,pred 'keck asymmetric allylation' sig ['carbonyl'] satisfied; expected 'Roush Asymmetric Allylation' needs depth near test
adm_sakurai_allylation_1234,Sakurai Allylation,Keck Asymmetric Allylation,True,C=CC[Si](C)(C)C.O=Cc1ccccc1>>C=CCC(O)c1ccccc1,Keck Asymmetric Allylation | Sakurai Allylation | Henry Reaction,4.118 | 3.274 | 2.8,0,0,1,0,targeted_depth,pred 'keck asymmetric allylation' sig ['carbonyl'] satisfied; expected 'Sakurai Allylation' needs depth near test
adm_schotten-baumann_reaction_1243,Schotten-Baumann Reaction,Claisen Condensation / Claisen Reaction,False,Nc1ccccc1.O=C(Cl)c1ccccc1>>O=C(Nc1ccccc1)c1ccccc1,Claisen Condensation / Claisen Reaction | Schmidt Reaction | Lieben Haloform Reaction,2.345 | 1.342 | 1.235,0,0,0,0,smarts_guard,pred 'claisen condensation' needs ['ester']; test missing ['ester']
adm_seyferth-gilbert_homologation_1249,Seyferth-Gilbert Homologation,Corey-Fuchs Alkyne Synthesis,True,O=Cc1ccccc1>>C#Cc1ccccc1,Corey-Fuchs Alkyne Synthesis | Wittig Reaction | Seyferth-Gilbert Homologation,3.516 | 3.047 | 2.49,0,0,0,0,targeted_depth,pred 'corey-fuchs' sig ['alkyne'] satisfied; expected 'Seyferth-Gilbert Homologation' needs depth near test
adm_simmons-smith_cyclopropanation_1264,Simmons-Smith Cyclopropanation,Furukawa Modification,True,C=Cc1ccccc1>>c1ccc(C2CC2)cc1,Furukawa Modification | Simmons-Smith Cyclopropanation | Shi Asymmetric Epoxidation,2.85 | 2.484 | 2.056,0,0,0,0,targeted_depth,pred 'furukawa' sig ['alkene'] satisfied; expected 'Simmons-Smith Cyclopropanation' needs depth near test
adm_sonogashira_cross-coupling_1285,Sonogashira Cross-Coupling,Friedel-Crafts Alkylation,False,C#CC(C)(C)C.Ic1ccccc1>>CC(C)(C)C#Cc1ccccc1,Friedel-Crafts Alkylation | Miyaura Boration | Sandmeyer Reaction,1.822 | 1.608 | 1.567,0,0,0,0,targeted_depth,pred 'friedel-crafts alkylation' sig ['aromatic_ring'] satisfied; expected 'Sonogashira Cross-Coupling' needs depth near test
adm_staudinger_reaction_1291,Staudinger Reaction,Hofmann Rearrangement,False,[N-]=[N+]=N.c1ccccc1>>Nc1ccccc1,Hofmann Rearrangement | Lossen Rearrangement | Friedel-Crafts Alkylation,2.521 | 2.373 | 2.297,0,0,0,0,smarts_guard,pred 'hofmann rearrangement' needs ['amide']; test missing ['amide']
adm_stephen_aldehyde_synthesis_(stephen_reduction)_1294,Stephen Aldehyde Synthesis (Stephen Reduction),Ley Oxidation,False,N#Cc1ccccc1>>O=Cc1ccccc1,Ley Oxidation | Corey-Kim Oxidation | Kornblum Oxidation,3.026 | 3.026 | 3.026,0,0,0,0,smarts_guard,pred 'ley oxidation' needs ['alcohol']; test missing ['alcohol']
adm_stille_carbonylative_cross-coupling_1303,Stille Carbonylative Cross-Coupling,Friedel-Crafts Acylation,False,CC(C)(C)C.Ic1ccccc1>>CC(=O)c1ccccc1,Friedel-Crafts Acylation | Corey-Kim Oxidation | Dess-Martin Oxidation,3.275 | 2.367 | 2.367,0,0,0,0,targeted_depth,pred 'friedel-crafts acylation' sig ['aromatic_ring'] satisfied; expected 'Stille Carbonylative Cross-Coupling' needs depth near test
adm_stille_cross-coupling_(migita-kosugi-stille_coupling)_1306,Stille Cross-Coupling (Migita-Kosugi-Stille Coupling),Heck Reaction,False,C=CC(C)(C)C.Ic1ccccc1>>C=Cc1ccccc1,Heck Reaction | Wittig Reaction | Tebbe Olefination/Petasis-Tebbe Olefination,2.963 | 2.875 | 2.303,0,0,0,0,targeted_depth,pred 'heck' sig ['aryl_halide'] satisfied; expected 'Stille Cross-Coupling (Migita-Kosugi-Stille Coupling)' needs depth near test
adm_stobbe_condensation_1312,Stobbe Condensation,Perkin Reaction,False,CCOC(=O)CC(=O)OCC.O=Cc1ccccc1>>CCOC(=O)C(=Cc1ccccc1)C(=O)O,Perkin Reaction | Retro-Claisen Reaction | Knoevenagel Condensation,2.762 | 2.409 | 2.288,0,0,0,0,targeted_depth,pred 'perkin' sig ['carbonyl'] satisfied; expected 'Stobbe Condensation' needs depth near test
adm_strecker_reaction_1318,Strecker Reaction,Wittig Reaction,False,C#N.N.O=Cc1ccccc1>>NC(C(=O)O)c1ccccc1,Wittig Reaction | Henry Reaction | Perkin Reaction,2.801 | 2.789 | 2.764,0,0,0,0,smarts_guard,pred 'wittig reaction' needs ['phosphorus']; test missing ['phosphorus']
adm_swern_oxidation_1327,Swern Oxidation,Ley Oxidation,False,OCc1ccccc1>>O=Cc1ccccc1,Ley Oxidation | Corey-Kim Oxidation | Kornblum Oxidation,4.388 | 4.388 | 3.403,0,0,0,0,targeted_depth,pred 'ley oxidation' sig ['alcohol'] satisfied; expected 'Swern Oxidation' needs depth near test
adm_takai-utimoto_olefination_(takai_reaction)_1330,Takai-Utimoto Olefination (Takai Reaction),Wittig Reaction,True,O=Cc1ccccc1>>IC=Cc1ccccc1,Wittig Reaction | Perkin Reaction | Takai-Utimoto Olefination (Takai Reaction),3.734 | 3.316 | 2.578,0,0,0,0,smarts_guard,pred 'wittig reaction' needs ['phosphorus']; test missing ['phosphorus']
adm_tishchenko_reaction_1336,Tishchenko Reaction,Perkin Reaction,True,O=Cc1ccccc1>>O=C(OCc1ccccc1)c1ccccc1,Perkin Reaction | Stetter Reaction | Tishchenko Reaction,2.563 | 2.545 | 2.337,0,0,0,0,targeted_depth,pred 'perkin' sig ['carbonyl'] satisfied; expected 'Tishchenko Reaction' needs depth near test
adm_tsuji-wilkinson_decarbonylation_reaction_1342,Tsuji-Wilkinson Decarbonylation Reaction,Wittig Reaction,True,O=Cc1ccccc1>>c1ccccc1,Wittig Reaction | Tsuji-Wilkinson Decarbonylation Reaction | Henry Reaction,2.171 | 1.955 | 1.872,0,0,0,0,smarts_guard,pred 'wittig reaction' needs ['phosphorus']; test missing ['phosphorus']
adm_ugi_multicomponent_reaction_1345,Ugi Multicomponent Reaction,Aldol Reaction,False,CC(=O)O.Nc1ccccc1.O=Cc1ccccc1.[C-]#[N+]C(C)(C)C>>CC(C)(C)NC(=O)NC(=O)C(Nc1ccccc1)c1ccccc1,Aldol Reaction | Benzoin and Retro-Benzoin Condensation | Aza-Wittig Reaction,1.693 | 0.883 | 0.805,0,0,0,0,targeted_depth,pred 'aldol reaction' sig ['carbonyl'] satisfied; expected 'Ugi Multicomponent Reaction' needs depth near test
adm_ullmann_biaryl_ether_and_biaryl_amine_synthesis_/_condensation_1348,Ullmann Biaryl Ether and Biaryl Amine Synthesis / Condensation,Claisen Condensation / Claisen Reaction,True,Ic1ccccc1.Oc1ccccc1>>c1ccc(Oc2ccccc2)cc1,Claisen Condensation / Claisen Reaction | Ullmann Reaction / Coupling / Biaryl Synthesis | Ullmann Biaryl Ether and Biaryl Amine Synthesis / Condensation,1.611 | 1.559 | 1.533,0,0,0,0,smarts_guard,pred 'claisen condensation' needs ['ester']; test missing ['ester']
adm_ullmann_reaction_/_coupling_/_biaryl_synthesis_1351,Ullmann Reaction / Coupling / Biaryl Synthesis,Wittig Reaction,False,Ic1ccccc1>>c1ccc(-c2ccccc2)cc1,Wittig Reaction | Miyaura Boration | Sandmeyer Reaction,2.674 | 2.526 | 2.064,0,0,0,0,smarts_guard,pred 'wittig reaction' needs ['phosphorus']; test missing ['phosphorus']
adm_weinreb_ketone_synthesis_1366,Weinreb Ketone Synthesis,Snieckus Directed Ortho Metalation,False,CON(C)C(=O)c1ccccc1>>CC(=O)c1ccccc1,Snieckus Directed Ortho Metalation | Friedel-Crafts Acylation | Lieben Haloform Reaction,2.927 | 2.8 | 2.703,0,0,0,0,targeted_depth,pred 'snieckus directed ortho metalation' sig ['aromatic_ring'] satisfied; expected 'Weinreb Ketone Synthesis' needs depth near test
adm_wittig_reaction_-_schlosser_modification_1381,Wittig Reaction - Schlosser Modification,Wittig Reaction,True,O=Cc1ccccc1>>CCCC=Cc1ccccc1,Wittig Reaction | Perkin Reaction | Wittig Reaction - Schlosser Modification,3.112 | 3.065 | 2.532,0,0,0,0,smarts_guard,pred 'wittig reaction' needs ['phosphorus']; test missing ['phosphorus']
"adm_wittig-[1,2]-_and_[2,3]-rearrangement_1384","Wittig-[1,2]- and [2,3]-Rearrangement",Noyori Asymmetric Hydrogenation,True,CCOCc1ccccc1>>CC(O)c1ccccc1,"Noyori Asymmetric Hydrogenation | Wittig-[1,2]- and [2,3]-Rearrangement | Corey-Bakshi-Shibata Reduction (CBS Reduction)",3.006 | 2.853 | 2.822,0,0,0,0,smarts_guard,pred 'noyori asymmetric hydrogenation' needs ['alkene']; test missing ['alkene']
adm_wurtz_coupling_1396,Wurtz Coupling,Tsuji-Wilkinson Decarbonylation Reaction,False,CCCCBr>>CCCCCCCC,Tsuji-Wilkinson Decarbonylation Reaction | Finkelstein Reaction | Gabriel Synthesis,1.723 | 1.54 | 1.305,0,0,0,0,smarts_guard,pred 'tsuji-wilkinson' needs ['carbonyl']; test missing ['carbonyl']
adm_yamaguchi_macrolactonization_1399,Yamaguchi Macrolactonization,Corey-Nicolaou Macrolactonization,True,O=C(O)CCCCCCCCCCCO>>O=C1CCCCCCCCCCCO1,Corey-Nicolaou Macrolactonization | Keck Macrolactonization | Yamaguchi Macrolactonization,1.782 | 1.782 | 1.782,0,0,0,0,targeted_depth,"pred 'corey-nicolaou macrolactonization' sig ['carboxylic_acid', 'alcohol'] satisfied; expected 'Yamaguchi Macrolactonization' needs depth near test"
adm_von_pechmann_reaction_1402,von Pechmann Reaction,Acetoacetic Ester Synthesis,False,CCOC(=O)CC(C)=O.Oc1ccc(O)cc1>>Cc1cc(=O)oc2ccc(O)cc12,Acetoacetic Ester Synthesis | Claisen Condensation / Claisen Reaction | Michael Addition Reaction,2.304 | 1.496 | 0.892,0,0,0,0,targeted_depth,pred 'acetoacetic ester synthesis' sig ['ester'] satisfied; expected 'von Pechmann Reaction' needs depth near test
